sample,total.transformations,num.of.formulas,normalized.trans
Behnke2022_2020February20NegESI_Fen_OiL_0724_i.corems,133894,4435,30.1903044
Behnke2022_2020February20NegESI_FW_BL_0724_i.corems,144348,4716,30.60814249
Behnke2022_2020February20NegESI_FW_Oe2L_0724_i.corems,102546,3303,31.04632153
Behnke2022_2020February20NegESI_Up_BsL_0724_i.corems,77238,2512,30.74761146
Behnke2022_2020February20NegESI_Up_OiL_0724_i.corems,92118,3348,27.51433692
Behnke2022_2020February22NegESI_FW_Hem_needle_L_0805_i.corems,72726,2715,26.78674033
Behnke2022_2020February22NegESI_FW_Hem_thru_0630_i.corems,128623,4211,30.54452624
Behnke2022_2020February22NegESI_FW_Spruce_bark_L_0805_i.corems,113013,3896,29.00744353
Behnke2022_2020February22NegESI_FW_spruce_needle_L_0805_i.corems,11963,947,12.63252376
Behnke2022_2020February22NegESI_Up_hem_needle_L_0805_i.corems,33094,1609,20.56805469
Behnke2022_2020February22NegESI_Up_spruce_bark_L_0805_i.corems,119297,4283,27.85360728
Behnke2022_2020February22NegESI_Up_spruce_needle_L_0805_i.corems,59944,2478,24.19047619
Behnke2022_2020February23NegESI_Epi_L_0805_i.corems,104933,3991,26.29240792
Behnke2022_2020February23NegESI_Rain_0630_f.corems,53,19,2.789473684
ECA2_0001_01_p15.corems,24267,1360,17.84338235
ECA2_0001_02_p15.corems,15299,1112,13.75809353
ECA2_0001_03_p15.corems,31697,1542,20.55577173
ECA2_0001_04_p15.corems,34184,1515,22.56369637
ECA2_0001_05_p15.corems,33172,1576,21.04822335
ECA2_0001_06_p15.corems,58508,2420,24.1768595
ECA2_0001_07_p15.corems,39052,1647,23.71098968
ECA2_0001_08_p15.corems,36351,1630,22.30122699
ECA2_0001_09_p15.corems,29252,1411,20.73139617
ECA2_0001_10_p15.corems,42473,1621,26.20172733
ECA2_0002_01_p1.corems,46488,2131,21.81511028
ECA2_0002_02_p08.corems,62525,2560,24.42382813
ECA2_0002_03_p08.corems,60833,2686,22.64817573
ECA2_0002_04_p08.corems,42792,1737,24.63557858
ECA2_0002_05_p08.corems,57308,2542,22.54445319
ECA2_0002_06_p08.corems,58305,2533,23.01816028
ECA2_0002_07_p08.corems,56344,2475,22.76525253
ECA2_0002_08_p08.corems,63678,2778,22.92224622
ECA2_0002_09_p08.corems,61152,2631,23.24287343
ECA2_0002_10_p08.corems,61850,2627,23.5439665
ECA2_0003_01_p1.corems,43106,2030,21.23448276
ECA2_0003_02_p1.corems,33624,1608,20.91044776
ECA2_0003_03_p1.corems,34828,1687,20.64493183
ECA2_0003_04_p1.corems,26013,1345,19.34052045
ECA2_0003_05_p1.corems,30876,1561,19.77962844
ECA2_0003_06_p1.corems,44690,2108,21.20018975
ECA2_0003_07_p1.corems,35655,1800,19.80833333
ECA2_0003_08_p1.corems,39536,1840,21.48695652
ECA2_0003_09_p1.corems,43518,2015,21.59702233
ECA2_0003_10_p1.corems,34210,1603,21.34123518
ECA2_0005_01_p1.corems,47049,2150,21.88325581
ECA2_0005_02_p1.corems,39750,1848,21.50974026
ECA2_0005_03_p1.corems,36972,1730,21.37109827
ECA2_0005_04_p1.corems,5194,319,16.28213166
ECA2_0005_05_p1.corems,41174,1883,21.866171
ECA2_0005_06_p1.corems,41152,2031,20.26193993
ECA2_0005_07_p1.corems,28809,1567,18.38481174
ECA2_0005_08_p1.corems,21274,1197,17.77276525
ECA2_0005_09_p1.corems,35018,1799,19.46525848
ECA2_0005_10_p1.corems,37745,1760,21.44602273
ECA2_0006_01_p1.corems,65020,2598,25.0269438
ECA2_0006_02_p1.corems,60218,2499,24.09683874
ECA2_0006_03_p1.corems,20682,1129,18.31886625
ECA2_0006_04_p1.corems,62383,2447,25.49366571
ECA2_0006_05_p1.corems,70285,2594,27.09521974
ECA2_0006_06_p1.corems,62907,2445,25.72883436
ECA2_0006_07_p1.corems,58054,2368,24.5160473
ECA2_0006_09_p1.corems,65358,2515,25.98727634
ECA2_0006_10_p1.corems,63010,2460,25.61382114
ECA2_0007_01_p1.corems,32300,1579,20.4559848
ECA2_0007_02_p1.corems,43575,1891,23.0433633
ECA2_0007_03_p1.corems,42610,1985,21.46599496
ECA2_0007_04_p1.corems,48719,2114,23.04588458
ECA2_0007_05_p1.corems,28651,1374,20.85225619
ECA2_0007_06_p1.corems,25808,1347,19.15961396
ECA2_0007_07_p1.corems,27458,1401,19.59885796
ECA2_0007_08_p1.corems,44275,1993,22.21525339
ECA2_0007_09_p1.corems,31453,1491,21.0952381
ECA2_0007_10_p1.corems,27043,1425,18.97754386
ECA2_0008_01_p1.corems,29810,1443,20.65835066
ECA2_0008_02_p1.corems,18891,1073,17.60577819
ECA2_0008_03_p1.corems,37921,1791,21.17308766
ECA2_0008_04_p1.corems,30020,1522,19.72404731
ECA2_0008_05_p1.corems,29110,1473,19.76238968
ECA2_0008_06_p1.corems,29575,1518,19.4828722
ECA2_0008_07_p1.corems,25750,1404,18.34045584
ECA2_0008_08_p1.corems,25174,1351,18.63360474
ECA2_0008_09_p1.corems,29354,1452,20.21625344
ECA2_0008_10_p1.corems,30515,1541,19.80207657
ECA2_0009_01_p1.corems,22328,1194,18.7001675
ECA2_0009_02_p1.corems,22265,1191,18.69437448
ECA2_0009_03_p1.corems,18070,960,18.82291667
ECA2_0009_04_p1.corems,26280,1338,19.64125561
ECA2_0009_05_p1.corems,18111,1084,16.70756458
ECA2_0009_06_p1.corems,28486,1503,18.95276114
ECA2_0009_07_p1.corems,22379,1212,18.46452145
ECA2_0009_08_p1.corems,25859,1295,19.96833977
ECA2_0009_09_p1.corems,22022,1168,18.85445205
ECA2_0009_10_p1.corems,21423,1145,18.71004367
ECA2_0010_01_p1.corems,61928,2573,24.06840264
ECA2_0010_02_p1.corems,68869,2423,28.4230293
ECA2_0010_03_p1.corems,56903,2076,27.40992293
ECA2_0010_04_p1.corems,63549,2245,28.30690423
ECA2_0010_05_p1.corems,70422,2527,27.86782746
ECA2_0010_06_p1.corems,64275,2202,29.1893733
ECA2_0010_07_p1.corems,56379,2492,22.62399679
ECA2_0010_08_p1.corems,53922,2422,22.26341866
ECA2_0010_09_p1.corems,66912,2674,25.02318624
ECA2_0010_10_p1.corems,50062,1878,26.657082
ECA2_0011_01_p1.corems,47551,2084,22.8171785
ECA2_0011_02_p1.corems,45453,2050,22.17219512
ECA2_0011_03_p1.corems,47827,2102,22.75309229
ECA2_0011_04_p1.corems,48696,2120,22.96981132
ECA2_0011_05_p1.corems,41216,1837,22.43658138
ECA2_0011_06_p1.corems,54052,2226,24.2821204
ECA2_0011_07_p1.corems,45587,2032,22.43454724
ECA2_0011_08_p1.corems,45389,1976,22.9701417
ECA2_0011_09_p1.corems,54224,2287,23.70966331
ECA2_0011_10_p1.corems,37270,1800,20.70555556
ECA2_0013_01_p1.corems,44144,1943,22.71950592
ECA2_0013_02_p1.corems,41515,1777,23.36240855
ECA2_0013_03_p1.corems,44995,1984,22.67893145
ECA2_0013_04_p1.corems,40734,1809,22.51741294
ECA2_0013_05_p1.corems,35670,1593,22.39171375
ECA2_0013_06_p1.corems,48509,2077,23.35532017
ECA2_0013_07_p1.corems,43775,1938,22.5877193
ECA2_0013_08_p1.corems,37781,1819,20.77020341
ECA2_0013_09_p1.corems,48941,2008,24.37300797
ECA2_0013_10_p1.corems,44346,1888,23.48834746
ECA2_0016_01_p1.corems,56795,2034,27.92281219
ECA2_0016_02_p1.corems,40993,1528,26.82787958
ECA2_0016_03_p1.corems,45305,1729,26.20300752
ECA2_0016_04_p1.corems,47739,1742,27.40470723
ECA2_0016_05_p1.corems,54000,1968,27.43902439
ECA2_0016_06_p1.corems,50146,1845,27.17940379
ECA2_0016_07_p1.corems,46851,1758,26.65017065
ECA2_0016_08_p1.corems,53979,1971,27.38660578
ECA2_0016_09_p1.corems,48816,1759,27.75213189
ECA2_0016_10_p1.corems,43268,1644,26.31873479
ECA2_0017_01_p1.corems,19733,1063,18.56349953
ECA2_0017_02_p1.corems,26095,1363,19.14526779
ECA2_0017_03_p1.corems,34472,1664,20.71634615
ECA2_0017_04_p1.corems,23120,1298,17.81201849
ECA2_0017_05_p1.corems,20614,1171,17.60375747
ECA2_0017_06_p1.corems,18881,936,20.17200855
ECA2_0017_07_p1.corems,32970,1602,20.58052434
ECA2_0017_08_p1.corems,25899,1200,21.5825
ECA2_0017_09_p1.corems,23502,1259,18.66719619
ECA2_0017_10_p1.corems,12841,705,18.2141844
ECA2_0018_01_p1.corems,61397,2366,25.94970414
ECA2_0018_02_p1.corems,60610,2314,26.19273984
ECA2_0018_03_p1.corems,49241,1881,26.17809676
ECA2_0018_04_p1.corems,58426,2246,26.01335708
ECA2_0018_05_p1.corems,50531,2078,24.31713186
ECA2_0018_06_p1.corems,55298,2154,25.6722377
ECA2_0018_07_p1.corems,58401,2277,25.64822134
ECA2_0018_09_p1.corems,43280,1750,24.73142857
ECA2_0018_10_p1.corems,25309,1207,20.96851698
ECA2_0019_01_p1.corems,39198,1845,21.24552846
ECA2_0019_02_p1.corems,28976,1505,19.25315615
ECA2_0019_04_p1.corems,37086,1843,20.12262615
ECA2_0019_05_p1.corems,27793,1397,19.89477452
ECA2_0019_07_p1.corems,25917,1462,17.72708618
ECA2_0019_08_p1.corems,34903,1694,20.6038961
ECA2_0019_09_p1.corems,22808,1217,18.7411668
ECA2_0019_10_p1.corems,22550,1192,18.91778523
ECA2_0021_01_p15.corems,25595,1208,21.18791391
ECA2_0021_02_p15.corems,29985,1271,23.59166011
ECA2_0021_03_p15.corems,27193,1181,23.0254022
ECA2_0021_04_p15.corems,37028,1478,25.05277402
ECA2_0021_05_p15.corems,28079,1204,23.32142857
ECA2_0021_06_p15.corems,42036,1687,24.91760522
ECA2_0021_07_p15.corems,56628,2066,27.40948693
ECA2_0021_08_p15.corems,47793,1774,26.94081172
ECA2_0021_09_p15.corems,44891,1672,26.84868421
ECA2_0021_10_p15.corems,44729,1644,27.20742092
ECA2_0022_01_p1.corems,44737,2064,21.6749031
ECA2_0022_02_p1.corems,41765,2103,19.8597242
ECA2_0022_03_p1.corems,46385,2093,22.16196847
ECA2_0022_04_p1.corems,41451,1595,25.98808777
ECA2_0022_05_p1.corems,43741,1660,26.35
ECA2_0022_06_p1.corems,46252,1817,25.45514584
ECA2_0022_07_p1.corems,43445,2061,21.07957302
ECA2_0022_08_p1.corems,39848,2000,19.924
ECA2_0022_09_p1.corems,59979,2573,23.3109211
ECA2_0022_10_p1.corems,42537,2036,20.89243615
ECA2_0023_01_p1.corems,25432,1322,19.23751891
ECA2_0023_02_p1.corems,32095,1582,20.28761062
ECA2_0023_03_p1.corems,18730,1071,17.48832866
ECA2_0023_05_p1.corems,19763,1150,17.18521739
ECA2_0023_08_p1.corems,30406,1546,19.66752911
ECA2_0023_09_p1.corems,35807,1636,21.88691932
ECA2_0023_10_p15.corems,18102,1220,14.83770492
ECA2_0024_01_p1.corems,28486,1480,19.2472973
ECA2_0024_05_p1.corems,28699,1431,20.05520615
ECA2_0024_06_p1.corems,38898,1860,20.91290323
ECA2_0024_07_p1.corems,34455,1703,20.23194363
ECA2_0024_08_p1.corems,24054,1244,19.33601286
ECA2_0024_09_p1.corems,28686,1552,18.48324742
ECA2_0024_10_p1.corems,30572,1579,19.36162128
ECA2_0026_01_p1.corems,58929,2460,23.95487805
ECA2_0026_02_p1.corems,42256,1911,22.11198325
ECA2_0026_03_p1.corems,39267,1817,21.61089708
ECA2_0026_04_p1.corems,36434,1737,20.97524467
ECA2_0026_05_p1.corems,39723,1900,20.90684211
ECA2_0026_06_p1.corems,40208,2022,19.88526212
ECA2_0026_07_p1.corems,38663,1993,19.39939789
ECA2_0026_08_p1.corems,47016,2184,21.52747253
ECA2_0026_09_p1.corems,41575,2020,20.58168317
ECA2_0026_10_p1.corems,36854,1863,19.78207193
ECA2_0027_01_p1.corems,46438,1999,23.23061531
ECA2_0027_02_p1.corems,43148,1936,22.28719008
ECA2_0027_03_p1.corems,39007,1832,21.29203057
ECA2_0027_04_p1.corems,36282,1775,20.44056338
ECA2_0027_05_p1.corems,36094,1709,21.11995319
ECA2_0027_06_p1.corems,22356,1237,18.07275667
ECA2_0027_07_p1.corems,24444,1361,17.96032329
ECA2_0027_08_p1.corems,20753,1134,18.30070547
ECA2_0027_09_p1.corems,37627,1802,20.88068812
ECA2_0027_10_p1.corems,31525,1584,19.90214646
ECA2_0028_01_p1.corems,41975,1884,22.27972399
ECA2_0028_02_p1.corems,39328,1770,22.21920904
ECA2_0028_03_p1.corems,43087,1876,22.96748401
ECA2_0028_04_p1.corems,19388,933,20.78027867
ECA2_0028_05_p1.corems,45762,1943,23.55223881
ECA2_0028_06_p1.corems,34139,1624,21.02155172
ECA2_0028_07_p1.corems,22521,1166,19.31475129
ECA2_0028_08_p1.corems,15024,825,18.21090909
ECA2_0028_09_p1.corems,36001,1531,23.51469628
ECA2_0028_10_p1.corems,22601,1077,20.98514392
ECA2_0029_01_p1.corems,17978,987,18.2147923
ECA2_0029_02_p1.corems,19889,1122,17.72638146
ECA2_0029_03_p1.corems,47718,2070,23.05217391
ECA2_0029_04_p1.corems,37233,1620,22.98333333
ECA2_0029_05_p1.corems,28674,1520,18.86447368
ECA2_0029_06_p1.corems,30718,1481,20.74139095
ECA2_0029_07_p1.corems,35484,1735,20.4518732
ECA2_0029_08_p1.corems,39800,1777,22.39729882
ECA2_0029_09_p1.corems,38638,1790,21.58547486
ECA2_0029_10_p1.corems,42344,1879,22.53539117
ECA2_0033_01_p08.corems,91973,3413,26.94784647
ECA2_0033_02_p08.corems,93157,3477,26.79234973
ECA2_0033_03_p08.corems,94333,3516,26.82963595
ECA2_0033_04_p08.corems,63666,2557,24.89870943
ECA2_0033_05_p08.corems,93620,3396,27.56772674
ECA2_0033_06_p08.corems,92374,3449,26.7828356
ECA2_0033_08_p08.corems,76318,2894,26.37111265
ECA2_0033_09_p08.corems,93410,3534,26.43180532
ECA2_0033_10_p08.corems,94972,3454,27.49623625
ECA2_0034_01_p1.corems,34674,1640,21.14268293
ECA2_0034_02_p1.corems,23196,1103,21.0299184
ECA2_0034_03_p1.corems,44207,1980,22.32676768
ECA2_0034_04_p1.corems,46842,1981,23.64563352
ECA2_0034_05_p1.corems,45777,1907,24.00471945
ECA2_0034_06_p1.corems,56414,2106,26.78727445
ECA2_0034_07_p1.corems,32726,1406,23.27596017
ECA2_0034_08_p1.corems,42699,1881,22.70015949
ECA2_0034_09_p1.corems,43815,1956,22.40030675
ECA2_0034_10_p1.corems,35111,1615,21.74055728
ECA2_0035_01_p08.corems,55542,2390,23.23933054
ECA2_0035_02_p1.corems,42840,1943,22.0483788
ECA2_0035_03_p1.corems,28340,1311,21.61708619
ECA2_0035_04_p1.corems,27497,1374,20.01237263
ECA2_0035_05_p1.corems,36964,1685,21.93709199
ECA2_0035_07_p1.corems,44514,1908,23.33018868
ECA2_0035_08_p15.corems,45912,1945,23.60514139
ECA2_0035_10_p1.corems,19390,1179,16.4461408
ECA2_0036_01_p1.corems,30957,1392,22.23922414
ECA2_0036_02_p1.corems,41734,2063,20.22976248
ECA2_0036_03_p1.corems,52804,2481,21.28335349
ECA2_0036_04_p1.corems,61569,2377,25.90197728
ECA2_0036_05_p1.corems,47099,2019,23.32788509
ECA2_0036_06_p1.corems,72815,2611,27.88778246
ECA2_0036_07_p1.corems,48757,2254,21.63132209
ECA2_0036_08_p1.corems,42686,2000,21.343
ECA2_0036_09_p1.corems,39112,1633,23.95101041
ECA2_0036_10_p1.corems,57725,2524,22.87044374
ECA2_0037_01_p1.corems,33050,1495,22.10702341
ECA2_0037_02_p1.corems,27846,1231,22.62063363
ECA2_0037_03_p1.corems,18031,866,20.82101617
ECA2_0037_04_p1.corems,33865,1437,23.5664579
ECA2_0037_05_p1.corems,22213,1098,20.23041894
ECA2_0037_06_p1.corems,31679,1322,23.96293495
ECA2_0037_07_p1.corems,42959,1816,23.655837
ECA2_0037_08_p1.corems,41634,1739,23.9413456
ECA2_0037_09_p1.corems,29779,1384,21.5166185
ECA2_0037_10_p1.corems,25652,1296,19.79320988
ECA2_0038_01_p1.corems,45561,1951,23.35263967
ECA2_0038_02_p1.corems,45006,2000,22.503
ECA2_0038_03_p1.corems,30950,1508,20.52387268
ECA2_0038_04_p1.corems,45005,1916,23.48903967
ECA2_0038_05_p1.corems,32021,1513,21.16391276
ECA2_0038_06_p1.corems,37932,1849,20.5148729
ECA2_0038_07_p1.corems,41277,1833,22.5188216
ECA2_0038_08_p1.corems,50397,2049,24.59590044
ECA2_0038_09_p1.corems,34599,1603,21.58390518
ECA2_0038_10_p1.corems,35693,1736,20.56048387
ECA2_0039_01_p1.corems,23906,1107,21.59530262
ECA2_0039_02_p1.corems,44614,1863,23.94739667
ECA2_0039_03_p1.corems,25193,1251,20.13828937
ECA2_0039_04_p1.corems,25525,1183,21.57650042
ECA2_0039_05_p1.corems,33759,1517,22.25379038
ECA2_0039_06_p1.corems,23804,1124,21.17793594
ECA2_0039_07_p1.corems,18892,943,20.03393425
ECA2_0039_08_p1.corems,36736,1639,22.41366687
ECA2_0039_09_p1.corems,35462,1559,22.74663246
ECA2_0039_10_p1.corems,40947,1799,22.76097832
ECA2_0040_01_p1.corems,34181,1545,22.1236246
ECA2_0040_02_p1.corems,34952,1615,21.64210526
ECA2_0040_03_p1.corems,32512,1560,20.84102564
ECA2_0040_04_p1.corems,40142,1815,22.11680441
ECA2_0040_05_p1.corems,45287,1936,23.39204545
ECA2_0040_06_p08.corems,35224,1621,21.72979642
ECA2_0040_07_p08.corems,28709,1326,21.65082956
ECA2_0040_08_p08.corems,21990,1099,20.00909918
ECA2_0040_09_p1.corems,33011,1566,21.0798212
ECA2_0040_10_p1.corems,50173,2111,23.76740881
ECA2_0041_01_p1.corems,49064,2113,23.22006626
ECA2_0041_02_p1.corems,37990,1976,19.2257085
ECA2_0041_03_p1.corems,23552,1232,19.11688312
ECA2_0041_04_p1.corems,35818,1817,19.71271326
ECA2_0041_05_p1.corems,37577,1967,19.10371124
ECA2_0041_06_p1.corems,31687,1665,19.03123123
ECA2_0041_07_p1.corems,33714,1875,17.9808
ECA2_0041_08_p1.corems,50514,2348,21.51362862
ECA2_0041_09_p1.corems,57139,2585,22.1040619
ECA2_0041_10_p1.corems,44872,1906,23.54249738
ECA2_0042_01_p1.corems,51783,2025,25.57185185
ECA2_0042_02_p1.corems,49652,2085,23.81390887
ECA2_0042_03_p1.corems,42224,1842,22.92290988
ECA2_0042_04_p1.corems,58025,2251,25.77743225
ECA2_0042_05_p1.corems,34541,1478,23.37009472
ECA2_0042_06_p1.corems,35835,1644,21.79744526
ECA2_0042_07_p1.corems,58656,2244,26.13903743
ECA2_0042_08_p1.corems,46122,1985,23.23526448
ECA2_0042_09_p1.corems,49493,2220,22.29414414
ECA2_0042_10_p1.corems,49445,2082,23.74879923
ECA2_0043_01_p1.corems,48236,1992,24.21485944
ECA2_0043_02_p1.corems,43350,1872,23.15705128
ECA2_0043_03_p1.corems,50248,2041,24.61930426
ECA2_0043_04_p1.corems,33974,1542,22.03242542
ECA2_0043_05_p1.corems,29105,1463,19.89405332
ECA2_0043_06_p1.corems,34857,1622,21.49013564
ECA2_0043_07_p1.corems,37929,1681,22.56335515
ECA2_0043_08_p1.corems,42105,1875,22.456
ECA2_0043_09_p1.corems,46956,2012,23.33797217
ECA2_0043_10_p1.corems,42678,1877,22.73734683
ECA2_0044_01_p1.corems,18372,1038,17.69942197
ECA2_0044_02_p1.corems,35589,1750,20.33657143
ECA2_0044_03_p1.corems,47838,2003,23.88317524
ECA2_0044_04_p1.corems,48233,1895,25.45277045
ECA2_0044_05_p1.corems,43769,1820,24.0489011
ECA2_0044_06_p1.corems,32042,1497,21.40414162
ECA2_0044_07_p1.corems,56494,2207,25.59764386
ECA2_0044_08_p1.corems,27290,1301,20.97617218
ECA2_0044_09_p1.corems,54476,2217,24.57194407
ECA2_0044_10_p1.corems,35414,1674,21.15531661
ECA2_0045_01_p1.corems,50553,1968,25.6875
ECA2_0045_02_p1.corems,56046,2254,24.86512866
ECA2_0045_03_p1.corems,46011,1839,25.01957586
ECA2_0045_04_p1.corems,58586,2356,24.86672326
ECA2_0045_05_p1.corems,53459,2178,24.54499541
ECA2_0045_06_p1.corems,56530,2283,24.76127902
ECA2_0045_07_p1.corems,56347,2250,25.04311111
ECA2_0045_08_p1.corems,33375,1579,21.13679544
ECA2_0045_09_p1.corems,54467,2183,24.9505268
ECA2_0045_10_p1.corems,65211,2467,26.43331982
ECA2_0047_01_p1.corems,26989,1658,16.27804584
ECA2_0047_02_p1.corems,54819,2435,22.51293634
ECA2_0047_03_p1.corems,53577,2385,22.46415094
ECA2_0047_04_p1.corems,60378,2608,23.15107362
ECA2_0047_05_p1.corems,52746,2341,22.53139684
ECA2_0047_06_p1.corems,63962,2448,26.12826797
ECA2_0047_07_p1.corems,65901,2498,26.3815052
ECA2_0047_08_p1.corems,54599,2457,22.22181522
ECA2_0047_09_p1.corems,59824,2532,23.6271722
ECA2_0047_10_p1.corems,65177,2514,25.92561655
ECA2_0048_01_p1.corems,70862,2762,25.65604634
ECA2_0048_02_p1.corems,67758,2739,24.73822563
ECA2_0048_03_p1.corems,71220,2753,25.86996004
ECA2_0048_04_p1.corems,68061,2673,25.4624018
ECA2_0048_05_p1.corems,52730,2098,25.13346044
ECA2_0048_06_p1.corems,66403,2674,24.8328347
ECA2_0048_07_p1.corems,68208,2587,26.36567453
ECA2_0048_08_p1.corems,70814,2733,25.91072082
ECA2_0048_09_p1.corems,56207,2275,24.70637363
ECA2_0048_10_p1.corems,58631,2444,23.98977087
ECA2_0049_01_p15.corems,40696,1821,22.34816035
ECA2_0049_02_p15.corems,40095,1860,21.55645161
ECA2_0049_03_p15.corems,41866,1906,21.96537251
ECA2_0049_04_p15.corems,35716,1639,21.79133618
ECA2_0049_05_p15.corems,42891,1814,23.64443219
ECA2_0049_06_p15.corems,40997,1747,23.46708643
ECA2_0049_07_p15.corems,57333,2242,25.57225691
ECA2_0049_08_p15.corems,45519,2073,21.95803184
ECA2_0049_09_p15.corems,41900,1867,22.442421
ECA2_0049_10_p15.corems,36673,1763,20.80147476
ECA2_0050_01_p1.corems,44099,2000,22.0495
ECA2_0050_02_p1.corems,43877,1963,22.35201223
ECA2_0050_03_p1.corems,42815,1940,22.06958763
ECA2_0050_04_p1.corems,31665,1594,19.8651192
ECA2_0050_05_p1.corems,47755,2080,22.95913462
ECA2_0050_06_p1.corems,33980,1710,19.87134503
ECA2_0050_07_p1.corems,48100,2097,22.9375298
ECA2_0050_08_p1.corems,41057,1879,21.85045237
ECA2_0050_09_p1.corems,40998,1919,21.36425221
ECA2_0050_10_p1.corems,39305,1768,22.23133484
ECA2_0051_01_p1.corems,38306,1780,21.52022472
ECA2_0051_02_p1.corems,31399,1748,17.96281465
ECA2_0051_03_p1.corems,30159,1421,21.22378607
ECA2_0051_04_p1.corems,42720,1937,22.0547238
ECA2_0051_05_p1.corems,35980,1807,19.91145545
ECA2_0051_06_p1.corems,31110,1611,19.31098696
ECA2_0051_07_p1.corems,32897,1712,19.21553738
ECA2_0051_08_p1.corems,32966,1687,19.54119739
ECA2_0051_09_p1.corems,30466,1619,18.81778876
ECA2_0051_10_p1.corems,25308,1358,18.63622975
ECA2_0052_01_p1.corems,26663,1275,20.91215686
ECA2_0052_05_p1.corems,16790,965,17.39896373
ECA2_0052_10_p1.corems,23669,1197,19.77360067
ECA2_0053_01_p1.corems,33654,1709,19.69221767
ECA2_0053_02_p1.corems,34355,1789,19.20346562
ECA2_0053_03_p1.corems,34844,1795,19.41169916
ECA2_0053_04_p1.corems,32851,1660,19.78975904
ECA2_0053_05_p1.corems,36790,1775,20.72676056
ECA2_0053_06_p1.corems,24092,1393,17.29504666
ECA2_0053_07_p1.corems,21636,1275,16.96941176
ECA2_0053_08_p1.corems,31628,1544,20.48445596
ECA2_0053_09_p1.corems,33917,1698,19.97467609
ECA2_0053_10_p1.corems,33706,1672,20.15909091
ECA2_0054_04_p15.corems,34318,1849,18.56030287
ECA2_0054_05_p1.corems,21612,1194,18.10050251
ECA2_0054_06_p15.corems,30068,1651,18.21199273
ECA2_0054_09_p15.corems,25217,1656,15.227657
ECA2_0054_10_p15.corems,39826,2162,18.42090657
ECA2_0055_01_p15.corems,53625,2460,21.79878049
ECA2_0055_02_p15.corems,66353,2573,25.788185
ECA2_0055_03_p1.corems,55213,2638,20.92987111
ECA2_0055_04_p15.corems,61711,2400,25.71291667
ECA2_0055_05_p15.corems,53976,2159,25.00046318
ECA2_0055_06_p15.corems,47960,2297,20.87940792
ECA2_0055_07_p15.corems,48589,2220,21.88693694
ECA2_0055_08_p15.corems,50077,2348,21.32751278
ECA2_0055_09_p15.corems,58908,2586,22.77958237
ECA2_0055_10_p15.corems,65812,2406,27.35328346
ECA2_0056_01_p1.corems,30319,1472,20.59714674
ECA2_0056_02_p1.corems,15409,907,16.98897464
ECA2_0056_03_p1.corems,18723,1018,18.39194499
ECA2_0056_04_p1.corems,14809,893,16.58342665
ECA2_0056_05_p1.corems,17777,960,18.51770833
ECA2_0056_06_p1.corems,35139,1620,21.69074074
ECA2_0056_07_p1.corems,22020,1129,19.50398583
ECA2_0056_08_p1.corems,17937,959,18.70385819
ECA2_0056_09_p1.corems,23688,1244,19.04180064
ECA2_0056_10_p1.corems,24473,1250,19.5784
ECA2_0058_03_p1.corems,50218,1927,26.0601972
ECA2_0058_04_p1.corems,28362,1213,23.38169827
ECA2_0058_05_p1.corems,53816,2126,25.31326435
ECA2_0058_06_p1.corems,56524,2205,25.63446712
ECA2_0058_07_p1.corems,49075,1936,25.34865702
ECA2_0058_08_p1.corems,30964,1399,22.13295211
ECA2_0058_09_p1.corems,39569,1702,23.24853114
ECA2_0058_10_p1.corems,61453,2338,26.28443114
ECA2_0061_01_p1.corems,32098,1526,21.03407602
ECA2_0061_02_p1.corems,36974,1731,21.35990757
ECA2_0061_03_p1.corems,45517,1924,23.65748441
ECA2_0061_04_p1.corems,47377,1936,24.47159091
ECA2_0061_05_p1.corems,43948,1928,22.79460581
ECA2_0061_06_p1.corems,38445,1729,22.23539618
ECA2_0061_07_p1.corems,38531,1789,21.53773058
ECA2_0061_08_p1.corems,44233,1857,23.81960151
ECA2_0061_09_p1.corems,45945,1981,23.1928319
ECA2_0061_10_p1.corems,40070,1723,23.25594893
ECA2_DI_Day1.1_p1.corems,21021,1198,17.54674457
ECA2_DI_Day1.2_p1.corems,24822,1491,16.64788732
ECA2_DI_Day2.1_p1.corems,28334,1609,17.60969546
ECA2_DI_Day2.2_p1.corems,28607,1671,17.11968881
ECA2_DI_Day3.1_p1.corems,24524,1484,16.52560647
ECA2_DI_Day3.2_p1.corems,29703,1673,17.75433353
ECA2_DI_Day4.1_p08.corems,35174,1995,17.63107769
ECA2_DI_Day4.2_p1.corems,32657,1820,17.94340659
ECA2_DI_Day5.1_p1.corems,33031,1862,17.73952739
ECA2_DI_Day5.2_p1.corems,22356,1313,17.02665651
ECA2_DI_Day6.1_p1.corems,26048,1551,16.79432624
ECA2_DI_Day6.2_p1.corems,24770,1463,16.93096377
ECA2_DI_Day7.1_p1.corems,30606,1873,16.34063001
ECA2_DI_Day7.2_p1.corems,27504,1634,16.83231334
Holt2023_AHrelative_.walking.calibration_AN_OUTFLOW_1_13_02_2020_05.10.21.corems,51186,3191,16.04073958
Holt2023_AHrelative_.walking.calibration_CA_OUTFLOW_2_10_02_2020_04.10.21.corems,78143,4648,16.81217728
Holt2023_AHrelative_.walking.calibration_CAR_OUTFLOW_1_29_02_2020_15.10.21.corems,112439,4664,24.10784734
KL.DeepDOM_KN210_1019.corems,22782,1629,13.98526703
KL.DeepDOM_kn210_104.corems,8894,693,12.83405483
KL.DeepDOM_KN210_1046.corems,7570,711,10.64697609
KL.DeepDOM_KN210_1050.corems,10349,647,15.99536321
KL.DeepDOM_KN210_12.corems,11882,1064,11.16729323
KL.DeepDOM_kn210_262.corems,8780,882,9.954648526
KL.DeepDOM_KN210_265.corems,5375,754,7.128647215
KL.DeepDOM_KN210_27.corems,14777,1155,12.79393939
KL.DeepDOM_kn210_273.corems,7611,681,11.17621145
KL.DeepDOM_KN210_330.corems,11468,843,13.60379597
KL.DeepDOM_kn210_343.corems,11847,796,14.88316583
KL.DeepDOM_kn210_372.corems,3184,284,11.21126761
KL.DeepDOM_kn210_38.corems,8214,608,13.50986842
KL.DeepDOM_kn210_46.corems,8475,484,17.51033058
KL.DeepDOM_KN210_51.corems,20280,1486,13.6473755
KL.DeepDOM_kn210_621.corems,15062,972,15.49588477
KL.DeepDOM_KN210_631.corems,3926,532,7.379699248
KL.DeepDOM_kn210_671.corems,9089,693,13.11544012
KL.DeepDOM_KN210_682.corems,9910,586,16.9112628
KL.DeepDOM_KN210_77.corems,7905,493,16.03448276
KL.DeepDOM_KN210_964.corems,8267,727,11.37138927
KL.DeepDOM_kn210_975.corems,23932,1290,18.55193798
KL.DeepDOM_kn210_979.corems,6444,515,12.51262136
KL.DeepDOM_KN210_995.corems,7168,562,12.7544484
KL.DeepDOM_kn210_999.corems,8902,741,12.01349528
KL.HLY1104_12pplReal.corems,10559,749,14.09746328
KL.HLY1104_18ppl.corems,73976,3381,21.87991718
KL.HLY1104_19ppl.corems,20624,1305,15.80383142
KL.HLY1104_32ppl.corems,66789,3030,22.04257426
KL.HLY1104_35ppl.corems,4102,498,8.236947791
KL.HLY1104_37ppl.corems,63022,2941,21.42876573
KL.HLY1104_38ppl.corems,26515,1719,15.4246655
KL.HLY1104_47ppl.corems,54687,2546,21.47957581
KL.HLY1104_48ppl.corems,55302,2794,19.79312813
KL.HLY1104_49ppl.corems,14172,886,15.99548533
KL.HLY1104_50ppl.corems,18733,1443,12.98198198
KL.HLY1104_58ppl.corems,52628,2497,21.07649179
KL.HLY1104_59ppl.corems,67339,3098,21.73628147
KL.HLY1104_60ppl.corems,19043,1014,18.7800789
KL.HLY1104_61ppl.corems,12742,1122,11.35650624
KL.HLY1104_8ppl.corems,58572,2830,20.69681979
ManyFiles_Italy.09_113_01_23186.corems,279,69,4.043478261
ManyFiles_Italy09_008_01_22931.corems,28426,922,30.8308026
ManyFiles_Italy09_008_01_22941.corems,28387,929,30.55651238
ManyFiles_MasterMix_dil_030_01_23104.corems,57008,1592,35.80904523
ManyFiles_MasterMix_dil_030_01_23118.corems,56387,1589,35.48584015
ManyFiles_MGC1903171_FTMS_Lakes_FJ_Italy_01_001_01_22911.corems,23612,672,35.13690476
ManyFiles_MGC1903171_FTMS_Lakes_FJ_Italy_01_114_01_23188.corems,26818,771,34.78339818
ManyFiles_MGC1903171_FTMS_Lakes_FJ_Italy_01_dill_114_01_23200.corems,23857,706,33.7917847
ManyFiles_MGC1903171_FTMS_Lakes_FJ_Italy_01_dill_114_01_23206.corems,25221,747,33.76305221
ManyFiles_MGC1903172_FTMS_Lakes_FJ_Italy_02_022_01_22995.corems,71777,2080,34.50817308
ManyFiles_MGC1903172_FTMS_Lakes_FJ_Italy_02_022_01_23005.corems,72484,2104,34.45057034
ManyFiles_MGC1903173_FTMS_Lakes_FJ_Italy_03_014_01_22888.corems,160,98,1.632653061
ManyFiles_MGC1903173_FTMS_Lakes_FJ_Italy_03_101_01_23143.corems,37326,1215,30.72098765
ManyFiles_MGC1903173_FTMS_Lakes_FJ_Italy_03_dil_101_01_23151.corems,37422,1218,30.72413793
ManyFiles_MGC1903173_FTMS_Lakes_FJ_Italy_03_dil_101_01_23167.corems,36558,1203,30.38902743
ManyFiles_MGC1903174_FTMS_Lakes_FJ_Italy_04_109_01_22621.corems,28715,939,30.58040469
ManyFiles_MGC1903175_FTMS_Lakes_FJ_Italy_05_006_01_22927.corems,33856,1096,30.89051095
ManyFiles_MGC1903175_FTMS_Lakes_FJ_Italy_05_006_01_22937.corems,33795,1104,30.61141304
ManyFiles_MGC1903175_FTMS_Lakes_FJ_Italy_05_116_01_23192.corems,22022,753,29.24568393
ManyFiles_MGC1903175_FTMS_Lakes_FJ_Italy_05_dill_116_01_23210.corems,26254,879,29.86803185
ManyFiles_MGC1903175_FTMS_Lakes_FJ_Italy_05_dill_116_01_23222.corems,22515,769,29.27828349
ManyFiles_MGC1903176_FTMS_Lakes_FJ_Italy_06_004_01_22917.corems,1601,121,13.23140496
ManyFiles_MGC1903176_FTMS_Lakes_FJ_Italy_06_115_01_23190.corems,24593,830,29.63012048
ManyFiles_MGC1903176_FTMS_Lakes_FJ_Italy_06_dill_115_01_23202.corems,30305,973,31.14594039
ManyFiles_MGC1903176_FTMS_Lakes_FJ_Italy_06_dill_115_01_23208.corems,30196,983,30.71820956
ManyFiles_MGC1903177_FTMS_Lakes_FJ_Italy_07_016_01_22973.corems,56062,1614,34.73482032
ManyFiles_MGC1903177_FTMS_Lakes_FJ_Italy_07_016_01_22983.corems,56227,1622,34.66522811
ManyFiles_MGC1903178_FTMS_Lakes_FJ_Italy_08_124_01_22863.corems,33715,1170,28.81623932
ManyFiles_MGC1903178_FTMS_Lakes_FJ_Italy_08_124_01_22873.corems,32818,1149,28.56222802
ManyFiles_MGC1903179_FTMS_Lakes_FJ_Croatia_01_118_01_22619.corems,20196,614,32.89250814
ManyFiles_MGC1903180_FTMS_Lakes_FJ_Croatia_02_020_01_22981.corems,42575,1347,31.60727543
ManyFiles_MGC1903180_FTMS_Lakes_FJ_Croatia_02_020_01_22991.corems,40840,1307,31.24713083
ManyFiles_MGC1903180_FTMS_Lakes_FJ_Croatia_02_112_01_23184.corems,47736,1508,31.65517241
ManyFiles_MGC1903180_FTMS_Lakes_FJ_Croatia_02_112_01_23198.corems,49402,1556,31.74935733
ManyFiles_MGC1903181_FTMS_Lakes_FJ_Croatia_03_013_01_22886.corems,22716,786,28.90076336
ManyFiles_MGC1903181_FTMS_Lakes_FJ_Croatia_03_106_01_23157.corems,20971,748,28.03609626
ManyFiles_MGC1903183_FTMS_Lakes_FJ_Slovenia_01_012_01_22884.corems,41366,1363,30.34922964
ManyFiles_MGC1903183_FTMS_Lakes_FJ_Slovenia_01_012_01_22896.corems,42716,1422,30.03938115
ManyFiles_MGC1903184_FTMS_Lakes_FJ_Austria_01_120_01_22845.corems,31943,1106,28.88155515
ManyFiles_MGC1903184_FTMS_Lakes_FJ_Austria_01_120_01_22855.corems,32083,1101,29.13987284
ManyFiles_MGC1903185_FTMS_Lakes_FJ_Austria_02_122_01_22859.corems,36029,1186,30.37858347
ManyFiles_MGC1903185_FTMS_Lakes_FJ_Austria_02_122_01_22869.corems,36886,1198,30.78964942
ManyFiles_MGC1903186_FTMS_Lakes_FJ_Austria_03_002_01_22913.corems,42088,1292,32.57585139
ManyFiles_MGC1903186_FTMS_Lakes_FJ_Austria_03_002_01_22921.corems,41571,1281,32.45199063
ManyFiles_MGC1903187_FTMS_Lakes_FJ_Austria_04_113_01_22687.corems,38900,1209,32.17535153
ManyFiles_MGC1903187_FTMS_Lakes_FJ_Austria_04_113_01_22718.corems,38680,1202,32.1797005
ManyFiles_MGC1903188_FTMS_Lakes_FJ_Austria_05_021_01_22993.corems,43857,1353,32.41463415
ManyFiles_MGC1903188_FTMS_Lakes_FJ_Austria_05_021_01_23003.corems,44431,1403,31.66856736
ManyFiles_MGC1903189_FTMS_Lakes_FJ_Austria_06_121_01_22857.corems,41001,1206,33.99751244
ManyFiles_MGC1903189_FTMS_Lakes_FJ_Austria_06_121_01_22867.corems,41603,1232,33.76866883
ManyFiles_MGC1903190_FTMS_Lakes_FJ_Austria_07_103_01_22680.corems,30828,916,33.65502183
ManyFiles_MGC1903191_FTMS_Lakes_FJ_Germany_01_123_01_22861.corems,15364,541,28.39926063
ManyFiles_MGC1903191_FTMS_Lakes_FJ_Germany_01_123_01_22871.corems,15760,538,29.2936803
ManyFiles_MGC1903193_FTMS_Lakes_FJ_Germany_03_119_01_22843.corems,46843,1463,32.01845523
ManyFiles_MGC1903193_FTMS_Lakes_FJ_Germany_03_119_01_22853.corems,46137,1445,31.92871972
ManyFiles_MGC1903194_FTMS_Lakes_FJ_Germany_04_009_01_22742.corems,44071,1396,31.56948424
ManyFiles_MGC1903194_FTMS_Lakes_FJ_Germany_04_021_01_22744.corems,62443,1710,36.51637427
ManyFiles_MGC1903195_FTMS_Lakes_FJ_Germany_05_015_01_22890.corems,47362,1449,32.68599034
ManyFiles_MGC1903195_FTMS_Lakes_FJ_Germany_05_015_01_22898.corems,46192,1379,33.49673677
ManyFiles_MGC1903196_FTMS_Lakes_FJ_Germany_06_104_01_22686.corems,52754,1600,32.97125
ManyFiles_MGC1903196_FTMS_Lakes_FJ_Germany_06_104_01_22717.corems,52271,1591,32.85417976
ManyFiles_MGC1903196_FTMS_Lakes_FJ_Germany_06_107_01_23159.corems,52233,1604,32.56421446
ManyFiles_MGC1903196_FTMS_Lakes_FJ_Germany_06_107_01_23173.corems,53984,1635,33.017737
ManyFiles_MGC1903197_FTMS_Lakes_FJ_Germany_07_111_01_22675.corems,56089,1689,33.20840734
ManyFiles_MGC1903198_FTMS_Lakes_FJ_Germany_08_017_01_22900.corems,63392,1882,33.68331562
ManyFiles_MGC1903198_FTMS_Lakes_FJ_Germany_08_017_01_22904.corems,64506,1913,33.71981181
ManyFiles_MGC1903199_FTMS_Lakes_FJ_Germany_09_018_01_22902.corems,60528,1858,32.57696448
ManyFiles_MGC1903199_FTMS_Lakes_FJ_Germany_09_128_01_23250.corems,51317,1665,30.82102102
ManyFiles_MGC1903199_FTMS_Lakes_FJ_Germany_09_128_01_23262.corems,49333,1622,30.41491985
ManyFiles_MGC1903200_FTMS_Lakes_FJ_Germany_10_023_01_22997.corems,689,317,2.173501577
ManyFiles_MGC1903200_FTMS_Lakes_FJ_Germany_10_023_01_23007.corems,681,318,2.141509434
ManyFiles_MGC1903200_FTMS_Lakes_FJ_Germany_10_023_01_23060.corems,62222,1856,33.52478448
ManyFiles_MGC1903200_FTMS_Lakes_FJ_Germany_10_120_01_23218.corems,553,284,1.947183099
ManyFiles_MGC1903200_FTMS_Lakes_FJ_Germany_10_120_01_23234.corems,534,269,1.985130112
ManyFiles_MGC1903201_FTMS_Lakes_FJ_Germany_11_008_01_22740.corems,621,309,2.009708738
ManyFiles_MGC1903202_FTMS_Lakes_FJ_Switzerland_01_005_01_22919.corems,39529,1257,31.44709626
ManyFiles_MGC1903202_FTMS_Lakes_FJ_Switzerland_01_005_01_22925.corems,38862,1238,31.39095315
ManyFiles_MGC1903203_FTMS_Lakes_FJ_Switzerland_02_127_01_22620.corems,23506,754,31.17506631
ManyFiles_MGC1903204_FTMS_Lakes_FJ_Switzerland_03_011_01_22882.corems,25198,827,30.46916566
ManyFiles_MGC1903204_FTMS_Lakes_FJ_Switzerland_03_011_01_22894.corems,30607,998,30.66833667
ManyFiles_MGC1903204_FTMS_Lakes_FJ_Switzerland_03_105_01_23153.corems,33670,1076,31.29182156
ManyFiles_MGC1903205_FTMS_Lakes_FJ_Switzerland_04_003_01_22915.corems,36922,1222,30.21440262
ManyFiles_MGC1903205_FTMS_Lakes_FJ_Switzerland_04_003_01_22923.corems,37331,1220,30.59918033
ManyFiles_MGC1903206_FTMS_Lakes_FJ_France_01_119_01_22669.corems,44148,1262,34.98256735
ManyFiles_MGC1903207_FTMS_Lakes_FJ_France_02_001_01_22410.corems,18171,679,26.76141384
ManyFiles_MGC1903207_FTMS_Lakes_FJ_France_02_001_01_22416.corems,19287,710,27.16478873
ManyFiles_MGC1903207_FTMS_Lakes_FJ_France_02_118_01_23214.corems,17042,636,26.79559748
ManyFiles_MGC1903207_FTMS_Lakes_FJ_France_02_118_01_23230.corems,17357,647,26.82689335
ManyFiles_MGC1903208_FTMS_Lakes_FJ_France_03_012_01_22952.corems,36940,1241,29.76631749
ManyFiles_MGC1903208_FTMS_Lakes_FJ_France_03_012_01_22962.corems,4780,242,19.75206612
ManyFiles_MGC1903209_FTMS_Lakes_FJ_France_04_017_01_22760.corems,20451,699,29.25751073
ManyFiles_MGC1903209_FTMS_Lakes_FJ_France_04_138_01_23295.corems,34353,1158,29.66580311
ManyFiles_MGC1903209_FTMS_Lakes_FJ_France_04_138_01_23301.corems,32697,1112,29.40377698
ManyFiles_MGC1903210_FTMS_Lakes_FJ_France_05_019_01_22701.corems,566,222,2.54954955
ManyFiles_MGC1903211_FTMS_Lakes_FJ_France_06_028_01_22702.corems,27738,972,28.53703704
ManyFiles_MGC1903212_FTMS_Lakes_FJ_France_07_007_01_22738.corems,51561,1491,34.58148893
ManyFiles_MGC1903213_FTMS_Lakes_FJ_Poland_01_016_01_22892.corems,30273,1196,25.31187291
ManyFiles_MGC1903213_FTMS_Lakes_FJ_Poland_01_126_01_23246.corems,25833,1098,23.5273224
ManyFiles_MGC1903213_FTMS_Lakes_FJ_Poland_01_126_01_23258.corems,26726,1136,23.52640845
ManyFiles_MGC1903214_FTMS_Lakes_FJ_Poland_02_005_01_22734.corems,559,251,2.227091633
ManyFiles_MGC1903215_FTMS_Lakes_FJ_Denmark_01_003_01_22729.corems,73288,2022,36.24530168
ManyFiles_MGC1903216_FTMS_Lakes_FJ_Sweden_01_007_01_22929.corems,55332,1471,37.61522774
ManyFiles_MGC1903216_FTMS_Lakes_FJ_Sweden_01_007_01_22939.corems,55907,1474,37.92876526
ManyFiles_MGC1903216_FTMS_Lakes_FJ_Sweden_01_125_01_23244.corems,66126,1832,36.09497817
ManyFiles_MGC1903216_FTMS_Lakes_FJ_Sweden_01_125_01_23256.corems,65667,1834,35.80534351
ManyFiles_MGC1903217_FTMS_Lakes_FJ_Sweden_02_120_01_22676.corems,55166,1502,36.72836218
ManyFiles_MGC1903218_FTMS_Lakes_FJ_Sweden_03_015_01_22756.corems,45909,1252,36.66853035
ManyFiles_MGC1903219_FTMS_Lakes_FJ_Sweden_04_002_01_22412.corems,65961,1899,34.73459716
ManyFiles_MGC1903219_FTMS_Lakes_FJ_Sweden_04_014_01_22956.corems,50549,1514,33.38771466
ManyFiles_MGC1903219_FTMS_Lakes_FJ_Sweden_04_014_01_22966.corems,49557,1491,33.23742455
ManyFiles_MGC1903219_FTMS_Lakes_FJ_Sweden_04_dil_014_01_23064.corems,68120,1951,34.91542799
ManyFiles_MGC1903219_FTMS_Lakes_FJ_Sweden_04_dil_014_01_23070.corems,67352,1917,35.13406364
ManyFiles_MGC1903220_FTMS_Lakes_FJ_Sweden_05_039_01_22715.corems,38707,1152,33.59982639
ManyFiles_MGC1903221_FTMS_Lakes_FJ_Sweden_06_006_01_22736.corems,42762,1213,35.25309151
ManyFiles_MGC1903223_FTMS_Lakes_FJ_Sweden_08_017_01_22975.corems,65997,1848,35.71266234
ManyFiles_MGC1903223_FTMS_Lakes_FJ_Sweden_08_017_01_22985.corems,65324,1832,35.65720524
ManyFiles_MGC1903223_FTMS_Lakes_FJ_Sweden_08_017_01_23110.corems,63315,1774,35.69052988
ManyFiles_MGC1903223_FTMS_Lakes_FJ_Sweden_08_017_01_23124.corems,63647,1800,35.35944444
ManyFiles_MGC1903224_FTMS_Lakes_FJ_Sweden_09_028_01_23020.corems,55352,1528,36.22513089
ManyFiles_MGC1903224_FTMS_Lakes_FJ_Sweden_09_028_01_23030.corems,55644,1538,36.17945384
ManyFiles_MGC1903225_FTMS_Lakes_FJ_Sweden_10_021_01_22713.corems,55183,1522,36.25689882
ManyFiles_MGC1903226_FTMS_Lakes_FJ_Sweden_11_012_01_22712.corems,33832,1015,33.3320197
ManyFiles_MGC1903228_FTMS_Lakes_FJ_Sweden_13_020_01_22766.corems,39830,1101,36.17620345
ManyFiles_MGC1903230_FTMS_Lakes_FJ_Sweden_15_128_01_22670.corems,34295,1096,31.29105839
ManyFiles_MGC1903231_FTMS_Lakes_FJ_Sweden_16_019_01_22979.corems,51517,1449,35.55348516
ManyFiles_MGC1903231_FTMS_Lakes_FJ_Sweden_16_019_01_22989.corems,51752,1453,35.61734343
ManyFiles_MGC1903231_FTMS_Lakes_FJ_Sweden_16_019_01_23114.corems,55370,1553,35.65357373
ManyFiles_MGC1903231_FTMS_Lakes_FJ_Sweden_16_019_01_23136.corems,55671,1554,35.82432432
ManyFiles_MGC1903231_FTMS_Lakes_FJ_Sweden_16_111_01_23182.corems,55030,1568,35.09566327
ManyFiles_MGC1903231_FTMS_Lakes_FJ_Sweden_16_dill_111_01_23196.corems,54190,1537,35.25699414
ManyFiles_MGC1903231_FTMS_Lakes_FJ_Sweden_16_dill_111_01_23204.corems,51575,1441,35.79111728
ManyFiles_MGC1903232_FTMS_Lakes_FJ_Sweden_17_102_01_22674.corems,60493,1694,35.71015348
ManyFiles_MGC1903233_FTMS_Lakes_FJ_Sweden_18_015_01_22958.corems,51405,1450,35.45172414
ManyFiles_MGC1903233_FTMS_Lakes_FJ_Sweden_18_015_01_22968.corems,51705,1448,35.70787293
ManyFiles_MGC1903233_FTMS_Lakes_FJ_Sweden_18_015_01_23108.corems,54235,1552,34.94523196
ManyFiles_MGC1903233_FTMS_Lakes_FJ_Sweden_18_015_01_23122.corems,55102,1558,35.36713736
ManyFiles_MGC1903234_FTMS_Lakes_FJ_Sweden_182_004_01_22731.corems,45021,1262,35.67432647
ManyFiles_MGC1903235_FTMS_Lakes_FJ_Sweden_19_011_01_22748.corems,51238,1405,36.4683274
ManyFiles_MGC1903237_FTMS_Lakes_FJ_Sweden_21_001_01_22725.corems,33408,1018,32.8172888
ManyFiles_MGC1903238_FTMS_Lakes_FJ_Sweden_22_113_01_22818.corems,69906,1966,35.55747711
ManyFiles_MGC1903238_FTMS_Lakes_FJ_Sweden_22_113_01_22828.corems,70014,1978,35.39635996
ManyFiles_MGC1903239_FTMS_Lakes_FJ_Sweden_23_030_01_22714.corems,30204,1008,29.96428571
ManyFiles_MGC1903240_FTMS_Lakes_FJ_Sweden_24_018_01_22977.corems,60810,1700,35.77058824
ManyFiles_MGC1903240_FTMS_Lakes_FJ_Sweden_24_018_01_22987.corems,60871,1711,35.57627119
ManyFiles_MGC1903240_FTMS_Lakes_FJ_Sweden_24_018_01_23112.corems,60671,1715,35.37667638
ManyFiles_MGC1903240_FTMS_Lakes_FJ_Sweden_24_018_01_23134.corems,60543,1708,35.44672131
ManyFiles_MGC1903241_FTMS_Lakes_FJ_Sweden_25_011_01_22950.corems,56096,1574,35.63913596
ManyFiles_MGC1903241_FTMS_Lakes_FJ_Sweden_25_011_01_22960.corems,54882,1549,35.43060039
ManyFiles_MGC1903241_FTMS_Lakes_FJ_Sweden_25_dil_011_01_23106.corems,61321,1766,34.72310306
ManyFiles_MGC1903241_FTMS_Lakes_FJ_Sweden_25_dil_011_01_23120.corems,61044,1760,34.68409091
ManyFiles_MGC1903242_FTMS_Lakes_FJ_Sweden_26_139_01_22684.corems,26711,958,27.88204593
ManyFiles_MGC1903243_FTMS_Lakes_FJ_Sweden_27_033_01_23040.corems,60831,1694,35.90968123
ManyFiles_MGC1903243_FTMS_Lakes_FJ_Sweden_27_033_01_23050.corems,61374,1702,36.05992949
ManyFiles_MGC1903244_FTMS_Lakes_FJ_Sweden_28_105_01_22692.corems,21799,851,25.61574618
ManyFiles_MGC1903244_FTMS_Lakes_FJ_Sweden_28_135_01_23289.corems,36994,1157,31.97407087
ManyFiles_MGC1903245_FTMS_Lakes_FJ_Sweden_29_138_01_22678.corems,16088,700,22.98285714
ManyFiles_MGC1903246_FTMS_Lakes_FJ_Sweden_30_132_01_23273.corems,32550,1081,30.11100833
ManyFiles_MGC1903246_FTMS_Lakes_FJ_Sweden_30_132_01_23283.corems,32228,1070,30.11962617
ManyFiles_MGC1903246_FTMS_Lakes_FJ_Sweden_30_139_01_22696.corems,26690,962,27.74428274
ManyFiles_MGC1903247_FTMS_Lakes_FJ_Sweden_302_104_01_23149.corems,47136,1436,32.82451253
ManyFiles_MGC1903247_FTMS_Lakes_FJ_Sweden_302_131_01_22689.corems,4892,409,11.9608802
ManyFiles_MGC1903247_FTMS_Lakes_FJ_Sweden_302_131_01_22720.corems,4893,405,12.08148148
ManyFiles_MGC1903247_FTMS_Lakes_FJ_Sweden_302_dil_104_01_23155.corems,45395,1320,34.39015152
ManyFiles_MGC1903247_FTMS_Lakes_FJ_Sweden_302_dil_104_01_23169.corems,53273,1583,33.65319015
ManyFiles_MGC1903248_FTMS_Lakes_FJ_Sweden_31_111_01_22814.corems,50750,1387,36.58976208
ManyFiles_MGC1903248_FTMS_Lakes_FJ_Sweden_31_111_01_22824.corems,51682,1395,37.04802867
ManyFiles_MGC1903249_FTMS_Lakes_FJ_Sweden_32_106_01_22791.corems,57454,1594,36.04391468
ManyFiles_MGC1903249_FTMS_Lakes_FJ_Sweden_32_106_01_22804.corems,57276,1590,36.02264151
ManyFiles_MGC1903249_FTMS_Lakes_FJ_Sweden_32_108_01_23161.corems,57498,1585,36.27634069
ManyFiles_MGC1903249_FTMS_Lakes_FJ_Sweden_32_108_01_23175.corems,57824,1577,36.66708941
ManyFiles_MGC1903250_FTMS_Lakes_FJ_Sweden_33_108_01_22795.corems,76154,2094,36.36771729
ManyFiles_MGC1903250_FTMS_Lakes_FJ_Sweden_33_108_01_22808.corems,76600,2129,35.97933302
ManyFiles_MGC1903251_FTMS_Lakes_FJ_Sweden_34_112_01_22681.corems,13997,637,21.9733124
ManyFiles_MGC1903252_FTMS_Lakes_FJ_Sweden_35_110_01_23165.corems,54297,1509,35.98210736
ManyFiles_MGC1903252_FTMS_Lakes_FJ_Sweden_35_140_01_22690.corems,9006,524,17.1870229
ManyFiles_MGC1903252_FTMS_Lakes_FJ_Sweden_35_140_01_22721.corems,9156,530,17.2754717
ManyFiles_MGC1903252_FTMS_Lakes_FJ_Sweden_35_dil_110_01_23171.corems,62600,1784,35.0896861
ManyFiles_MGC1903252_FTMS_Lakes_FJ_Sweden_35_dil_110_01_23298.corems,62713,1759,35.65264355
ManyFiles_MGC1903255_FTMS_Lakes_FJ_Sweden_38_110_01_22799.corems,73627,2041,36.07398334
ManyFiles_MGC1903255_FTMS_Lakes_FJ_Sweden_38_110_01_22812.corems,73629,2053,35.86410132
ManyFiles_MGC1903256_FTMS_Lakes_FJ_Sweden_39_130_01_22683.corems,22630,803,28.18181818
ManyFiles_MGC1903257_FTMS_Lakes_FJ_Sweden_40_125_01_22865.corems,33551,1083,30.97968606
ManyFiles_MGC1903257_FTMS_Lakes_FJ_Sweden_40_125_01_22875.corems,33675,1065,31.61971831
ManyFiles_MGC1903257_FTMS_Lakes_FJ_Sweden_40_127_01_23248.corems,18391,760,24.19868421
ManyFiles_MGC1903257_FTMS_Lakes_FJ_Sweden_40_127_01_23260.corems,17567,747,23.5167336
ManyFiles_MGC1903258_FTMS_Lakes_FJ_Sweden_41_010_01_22700.corems,35164,1121,31.36842105
ManyFiles_MGC1903259_FTMS_Lakes_FJ_Sweden_42_114_01_22820.corems,72158,2003,36.02496256
ManyFiles_MGC1903259_FTMS_Lakes_FJ_Sweden_42_114_01_22830.corems,72196,1984,36.3891129
ManyFiles_MGC1903260_FTMS_Lakes_FJ_Sweden_43_112_01_22816.corems,0,6,0
ManyFiles_MGC1903260_FTMS_Lakes_FJ_Sweden_43_137_01_23293.corems,45756,1264,36.19936709
ManyFiles_MGC1903262_FTMS_Lakes_FJ_Sweden_45_040_01_23084.corems,54438,1498,36.34045394
ManyFiles_MGC1903262_FTMS_Lakes_FJ_Sweden_45_105_01_22779.corems,50908,1415,35.97738516
ManyFiles_MGC1903262_FTMS_Lakes_FJ_Sweden_45_105_01_22789.corems,51218,1423,35.99297259
ManyFiles_MGC1903262_FTMS_Lakes_FJ_Sweden_45_dil_040_01_23088.corems,51598,1423,36.26001405
ManyFiles_MGC1903262_FTMS_Lakes_FJ_Sweden_45_dil_040_01_23102.corems,50233,1398,35.93204578
ManyFiles_MGC1903262_FTMS_Lakes_FJ_Sweden_45_dil_040_01_23138.corems,51241,1432,35.78282123
ManyFiles_MGC1903264_FTMS_Lakes_FJ_Sweden_47_118_01_22841.corems,43710,1202,36.36439268
ManyFiles_MGC1903264_FTMS_Lakes_FJ_Sweden_47_118_01_22851.corems,43798,1208,36.25662252
ManyFiles_MGC1903264_FTMS_Lakes_FJ_Sweden_47_129_01_23252.corems,48390,1365,35.45054945
ManyFiles_MGC1903264_FTMS_Lakes_FJ_Sweden_47_129_01_23264.corems,48847,1363,35.83785767
ManyFiles_MGC1903265_FTMS_Lakes_FJ_Sweden_48_025_01_23001.corems,45077,1220,36.94836066
ManyFiles_MGC1903265_FTMS_Lakes_FJ_Sweden_48_025_01_23011.corems,43845,1188,36.90656566
ManyFiles_MGC1903266_FTMS_Lakes_FJ_Norway_01_110_01_22668.corems,56101,1547,36.26438268
ManyFiles_MGC1903269_FTMS_Lakes_FJ_Norway_05_107_01_22793.corems,63905,1831,34.90169306
ManyFiles_MGC1903269_FTMS_Lakes_FJ_Norway_05_107_01_22806.corems,64020,1841,34.77457903
ManyFiles_MGC1903270_FTMS_Lakes_FJ_Norway_06_109_01_22797.corems,66857,1831,36.51392682
ManyFiles_MGC1903270_FTMS_Lakes_FJ_Norway_06_109_01_22810.corems,66133,1817,36.39680793
ManyFiles_MGC1903271_FTMS_Lakes_FJ_Norway_07_026_01_23016.corems,60031,1641,36.58196222
ManyFiles_MGC1903271_FTMS_Lakes_FJ_Norway_07_026_01_23026.corems,59940,1660,36.10843373
ManyFiles_MGC1903271_FTMS_Lakes_FJ_Norway_07_119_01_23216.corems,66709,1854,35.9811219
ManyFiles_MGC1903271_FTMS_Lakes_FJ_Norway_07_119_01_23232.corems,66725,1866,35.75830654
ManyFiles_MGC1903271_FTMS_Lakes_FJ_Norway_07_dil_026_01_23062.corems,63153,1751,36.06681896
ManyFiles_MGC1903272_FTMS_Lakes_FJ_Norway_08_102_01_23145.corems,68257,1922,35.51352758
ManyFiles_MGC1903272_FTMS_Lakes_FJ_Norway_08_103_01_22775.corems,66906,1883,35.53159851
ManyFiles_MGC1903272_FTMS_Lakes_FJ_Norway_08_103_01_22877.corems,68371,1940,35.24278351
ManyFiles_MGC1903274_FTMS_Lakes_FJ_Norway_10_011_01_22706.corems,2279,347,6.567723343
ManyFiles_MGC1903276_FTMS_Lakes_FJ_Norway_12_027_01_23018.corems,54819,1514,36.20805812
ManyFiles_MGC1903276_FTMS_Lakes_FJ_Norway_12_027_01_23028.corems,55260,1522,36.30749014
ManyFiles_MGC1903276_FTMS_Lakes_FJ_Norway_12_029_01_22708.corems,18693,750,24.924
ManyFiles_MGC1903278_FTMS_Lakes_FJ_Norway_14_002_01_22705.corems,25524,749,34.07743658
ManyFiles_MGC1903278_FTMS_Lakes_FJ_Norway_14_032_01_23038.corems,23959,896,26.73995536
ManyFiles_MGC1903278_FTMS_Lakes_FJ_Norway_14_032_01_23048.corems,27587,957,28.82654127
ManyFiles_MGC1903278_FTMS_Lakes_FJ_Norway_14_dil_032_01_23056.corems,48253,1374,35.11863173
ManyFiles_MGC1903278_FTMS_Lakes_FJ_Norway_14_dil_032_01_23068.corems,60203,1676,35.92064439
ManyFiles_MGC1903279_FTMS_Lakes_FJ_Norway_15_003_01_22414.corems,46718,1270,36.78582677
ManyFiles_MGC1903279_FTMS_Lakes_FJ_Norway_15_029_01_23022.corems,47265,1258,37.57154213
ManyFiles_MGC1903279_FTMS_Lakes_FJ_Norway_15_029_01_23032.corems,60827,1675,36.31462687
ManyFiles_MGC1903279_FTMS_Lakes_FJ_Norway_15_029_01_23058.corems,61565,1704,36.12969484
ManyFiles_MGC1903279_FTMS_Lakes_FJ_Norway_15_029_01_23066.corems,61538,1713,35.92410975
ManyFiles_MGC1903280_FTMS_Lakes_FJ_Norway_16_121_01_22694.corems,17124,753,22.74103586
ManyFiles_MGC1903280_FTMS_Lakes_FJ_Norway_16_133_01_23275.corems,61724,1715,35.99067055
ManyFiles_MGC1903280_FTMS_Lakes_FJ_Norway_16_133_01_23285.corems,61382,1716,35.77039627
ManyFiles_MGC1903283_FTMS_Lakes_FJ_Finland_03_031_01_23036.corems,34642,1023,33.86314761
ManyFiles_MGC1903283_FTMS_Lakes_FJ_Finland_03_031_01_23046.corems,34840,1028,33.89105058
ManyFiles_MGC1903284_FTMS_Lakes_FJ_Finland_04_101_01_22771.corems,15723,588,26.73979592
ManyFiles_MGC1903284_FTMS_Lakes_FJ_Finland_04_101_01_22781.corems,16188,602,26.89036545
ManyFiles_MGC1903284_FTMS_Lakes_FJ_Finland_04_103_01_23147.corems,17547,603,29.09950249
ManyFiles_MGC1903285_FTMS_Lakes_FJ_Finland_05_035_01_23044.corems,65591,1807,36.29828445
ManyFiles_MGC1903285_FTMS_Lakes_FJ_Finland_05_035_01_23054.corems,66752,1841,36.25855513
ManyFiles_MGC1903286_FTMS_Lakes_FJ_Finland_06_037_01_22703.corems,65235,1806,36.12126246
ManyFiles_MGC1903286_FTMS_Lakes_FJ_Finland_06_136_01_23291.corems,29567,1043,28.34803452
ManyFiles_MGC1903289_FTMS_Lakes_FJ_Finland_09_010_01_22746.corems,48436,1344,36.03869048
ManyFiles_MGC1903290_FTMS_Lakes_FJ_Finland_10_009_01_22933.corems,37854,1081,35.01757632
ManyFiles_MGC1903290_FTMS_Lakes_FJ_Finland_10_009_01_22943.corems,38618,1103,35.01178604
ManyFiles_MGC1903290_FTMS_Lakes_FJ_Finland_10_009_01_23116.corems,55088,1530,36.00522876
ManyFiles_MGC1903290_FTMS_Lakes_FJ_Finland_10_009_01_23132.corems,54913,1521,36.10322156
ManyFiles_MGC1903291_FTMS_Lakes_FJ_Finland_11_020_01_22707.corems,7890,588,13.41836735
ManyFiles_MGC1903293_FTMS_Lakes_FJ_Finland_13_038_01_23080.corems,42054,1213,34.66941467
ManyFiles_MGC1903293_FTMS_Lakes_FJ_Finland_13_038_01_23098.corems,41515,1195,34.74058577
ManyFiles_MGC1903293_FTMS_Lakes_FJ_Finland_13_102_01_22773.corems,22411,720,31.12638889
ManyFiles_MGC1903293_FTMS_Lakes_FJ_Finland_13_102_01_22783.corems,19932,667,29.88305847
ManyFiles_MGC1903294_FTMS_Lakes_FJ_Finland_14_003_01_22711.corems,33769,993,34.00704935
ManyFiles_MGC1903294_FTMS_Lakes_FJ_Finland_14_dil_139_01_23303.corems,34965,1024,34.14550781
ManyFiles_MGC1903294_FTMS_Lakes_FJ_Finland_14_dil_139_01_23305.corems,35068,1062,33.02071563
ManyFiles_MGC1903295_FTMS_Lakes_FJ_Finland_15_039_01_23082.corems,37037,1093,33.88563586
ManyFiles_MGC1903295_FTMS_Lakes_FJ_Finland_15_039_01_23100.corems,36839,1078,34.17346939
ManyFiles_MGC1903295_FTMS_Lakes_FJ_Finland_15_104_01_22777.corems,32023,977,32.77686796
ManyFiles_MGC1903295_FTMS_Lakes_FJ_Finland_15_104_01_22787.corems,29872,921,32.43431053
ManyFiles_MGC1903297_FTMS_Lakes_FJ_Finland_17_001_01_22699.corems,38749,1159,33.43313201
ManyFiles_MGC1903298_FTMS_Lakes_FJ_Finland_18_115_01_22822.corems,64000,1778,35.99550056
ManyFiles_MGC1903298_FTMS_Lakes_FJ_Finland_18_115_01_22832.corems,63642,1774,35.87485908
ManyFiles_MGC1903298_FTMS_Lakes_FJ_Finland_18_124_01_23242.corems,59497,1651,36.0369473
ManyFiles_MGC1903298_FTMS_Lakes_FJ_Finland_18_124_01_23254.corems,58678,1632,35.95465686
ManyFiles_MGC1903299_FTMS_Lakes_FJ_Finland_19_037_01_23078.corems,48940,1439,34.00972898
ManyFiles_MGC1903299_FTMS_Lakes_FJ_Finland_19_037_01_23092.corems,42877,1271,33.73485445
ManyFiles_MGC1903299_FTMS_Lakes_FJ_Finland_19_037_01_23096.corems,43707,1295,33.75057915
ManyFiles_MGC1903299_FTMS_Lakes_FJ_Finland_19_116_01_22837.corems,48677,1423,34.2073085
ManyFiles_MGC1903299_FTMS_Lakes_FJ_Finland_19_116_01_22847.corems,47536,1409,33.73740241
ManyFiles_MGC1903300_FTMS_Lakes_FJ_Finland_20_036_01_23076.corems,50972,1454,35.05639615
ManyFiles_MGC1903300_FTMS_Lakes_FJ_Finland_20_036_01_23086.corems,50858,1440,35.31805556
ManyFiles_MGC1903300_FTMS_Lakes_FJ_Finland_20_036_01_23094.corems,49540,1423,34.81377372
ManyFiles_MGC1903301_FTMS_Lakes_FJ_Plastics_013_01_22954.corems,161,69,2.333333333
ManyFiles_MGC1903301_FTMS_Lakes_FJ_Plastics_013_01_22964.corems,161,68,2.367647059
ManyFiles_MGC1903302_FTMS_Lakes_FJ_Process_blank_PPL_010_01_22935.corems,90,56,1.607142857
ManyFiles_MGC1903302_FTMS_Lakes_FJ_Process_blank_PPL_010_01_22945.corems,79,55,1.436363636
ManyFiles_MM_030_01_23024.corems,56036,1565,35.8057508
ManyFiles_MM_030_01_23034.corems,56080,1573,35.65162111
ManyFiles_N14_121_01_23220.corems,26563,775,34.27483871
ManyFiles_N14_121_01_23236.corems,26713,775,34.4683871
ManyFiles_Nelha_052_01_23013.corems,28270,1299,21.76289453
ManyFiles_Nelha_054_01_23226.corems,0,3,0
ManyFiles_Std_154_01_22666.corems,65858,1929,34.1410057
ManyFiles_Std_154_01_22673.corems,66330,1921,34.5288912
ManyFiles_Std_154_01_22698.corems,66086,1905,34.69081365
ManyFiles_Swed.49_024_01_22999.corems,38360,1133,33.85701677
ManyFiles_Swed.49_024_01_23009.corems,38589,1128,34.21010638
ManyFiles_Sweden.49_117_01_23194.corems,57328,1586,36.14627995
ManyFiles_Sweden.49_117_01_23212.corems,56683,1578,35.9207858
PAPI_ESI_neg_Papi6_Ex16_0121_12ppm_20140805_000001.corems,156117,4913,31.77630775
PAPI_ESI_neg_Papi6_Ex30_0109_15ppm_20140805_000001.corems,133628,4332,30.84672207
S19S_0001_Sed_Field_ICR.D_p2.corems,40909,1789,22.86696478
S19S_0001_Sed_Field_ICR.M_p2.corems,36615,1675,21.85970149
S19S_0001_Sed_Field_ICR.U_p2.corems,28282,1492,18.95576408
S19S_0003_Sed_Field_ICR.D_p15.corems,29721,1408,21.10866477
S19S_0003_Sed_Field_ICR.M_p15.corems,6610,482,13.71369295
S19S_0003_Sed_Field_ICR.U_p15.corems,31674,1500,21.116
S19S_0004_Sed_Field_ICR.D_p15.corems,7254,519,13.97687861
S19S_0004_Sed_Field_ICR.M_p15.corems,23190,1306,17.75650842
S19S_0004_Sed_Field_ICR.U_p15.corems,11668,816,14.29901961
S19S_0006_Sed_Field_ICR.D_p2.corems,35476,1570,22.59617834
S19S_0006_Sed_Field_ICR.M_p2.corems,29293,1255,23.34103586
S19S_0006_Sed_Field_ICR.U_p2.corems,45982,1729,26.59456333
S19S_0007_Sed_Field_ICR.D_p15.corems,5193,481,10.7962578
S19S_0008_Sed_Field_ICR.D_p15.corems,6274,549,11.428051
S19S_0008_Sed_Field_ICR.M_p15.corems,9800,719,13.63004172
S19S_0008_Sed_Field_ICR.U_p15.corems,4008,431,9.299303944
S19S_0009_Sed_Field_ICR.M_p2.corems,28536,1379,20.69325598
S19S_0009_Sed_Field_ICR.U_p2.corems,39988,1670,23.94491018
S19S_0010_Sed_Field_ICR_D_p15.corems,26311,1454,18.09559835
S19S_0010_Sed_Field_ICR.M_p15.corems,10989,781,14.07042254
S19S_0010_Sed_Field_ICR.U_p15.corems,22195,1163,19.08426483
S19S_0011_Sed_Field_ICR.D_p2.corems,30634,1133,27.03795234
S19S_0011_Sed_Field_ICR.M_p2.corems,27953,1101,25.38873751
S19S_0011_Sed_Field_ICR.U_p2.corems,49128,1828,26.87527352
S19S_0012_Sed_Field_ICR.D_p2.corems,40373,1717,23.51368666
S19S_0012_Sed_Field_ICR.M_p2.corems,37734,1547,24.39172592
S19S_0012_Sed_Field_ICR.U_p2.corems,33765,1522,22.18462549
S19S_0013_Sed_Field_ICR.D_p2.corems,45240,1547,29.24369748
S19S_0013_Sed_Field_ICR.M_p2.corems,36247,1396,25.96489971
S19S_0013_Sed_Field_ICR.U_p2.corems,38203,1456,26.23832418
S19S_0014_Sed_Field_ICR.D_p2.corems,39160,1505,26.01993355
S19S_0014_Sed_Field_ICR.M_p2.corems,43577,1605,27.15077882
S19S_0014_Sed_Field_ICR.U_p2.corems,48185,1740,27.69252874
S19S_0015_Sed_Field_ICR.D_p2.corems,18737,893,20.98208287
S19S_0015_Sed_Field_ICR.M_p2.corems,22652,1152,19.66319444
S19S_0015_Sed_Field_ICR.U_p2.corems,37369,1565,23.87795527
S19S_0016_Sed_Field_ICR.D_p2.corems,26822,1391,19.28253055
S19S_0016_Sed_Field_ICR.M_p2.corems,35569,1462,24.32900137
S19S_0016_Sed_Field_ICR.U_p1.corems,16208,798,20.31077694
S19S_0017_Sed_Field_ICR.D_p2.corems,41601,1546,26.9087969
S19S_0017_Sed_Field_ICR.M_p2.corems,37460,1491,25.1240778
S19S_0017_Sed_Field_ICR.U_p2.corems,32561,1417,22.97882851
S19S_0018_Sed_Field_ICR.D_p2.corems,14737,1037,14.21118611
S19S_0018_Sed_Field_ICR.M_p2.corems,17743,1129,15.71567759
S19S_0018_Sed_Field_ICR.U_p2.corems,17182,1030,16.6815534
S19S_0019_Sed_Field_ICR.D_p2.corems,26126,1391,18.7821711
S19S_0019_Sed_Field_ICR.M_p2.corems,33168,1488,22.29032258
S19S_0019_Sed_Field_ICR.U_p2.corems,33556,1548,21.67700258
S19S_0020_Sed_Field_ICR.D_p2.corems,46293,1721,26.89889599
S19S_0020_Sed_Field_ICR.M_p2.corems,47633,1742,27.34385763
S19S_0020_Sed_Field_ICR.U_p2.corems,29862,1346,22.18573551
S19S_0021_Sed_Field_ICR.D_p2.corems,39515,1563,25.28150992
S19S_0021_Sed_Field_ICR.M_p2.corems,38511,1484,25.95080863
S19S_0021_Sed_Field_ICR.U_p2.corems,45864,1715,26.74285714
S19S_0022_Sed_Field_ICR.D_p2.corems,44148,1791,24.64991625
S19S_0022_Sed_Field_ICR.M_p2.corems,44757,1832,24.43067686
S19S_0022_Sed_Field_ICR.U_p2.corems,44678,1759,25.3996589
S19S_0023_Sed_Field_ICR.D_p2.corems,23428,1165,20.10987124
S19S_0023_Sed_Field_ICR.M_p2.corems,30420,1374,22.13973799
S19S_0023_Sed_Field_ICR.U_p2.corems,20005,968,20.66632231
S19S_0024_Sed_Field_ICR.D_p15.corems,14327,886,16.17042889
S19S_0024_Sed_Field_ICR.M_p2.corems,22396,1093,20.49039341
S19S_0024_Sed_Field_ICR.U_p15.corems,3017,328,9.198170732
S19S_0025_Sed_Field_ICR.D_p2.corems,29615,1281,23.1186573
S19S_0025_Sed_Field_ICR.M_p1.corems,38395,1628,23.58415233
S19S_0025_Sed_Field_ICR.U_p2.corems,26270,1245,21.10040161
S19S_0026_Sed_Field_ICR.M_p2.corems,39055,1569,24.89165073
S19S_0026_Sed_Field_ICR.U_p2.corems,33018,1413,23.36730361
S19S_0027_Sed_Field_ICR.D_p2.corems,27358,1461,18.72553046
S19S_0027_Sed_Field_ICR.M_p2.corems,30792,1488,20.69354839
S19S_0027_Sed_Field_ICR.U_p2.corems,24497,1308,18.72859327
S19S_0028_Sed_Field_ICR.D_p2.corems,17698,990,17.87676768
S19S_0028_Sed_Field_ICR.M_p1.corems,9268,538,17.2267658
S19S_0028_Sed_Field_ICR.U_p1.corems,13537,740,18.29324324
S19S_0029_Sed_Field_ICR.D_p2.corems,33740,1372,24.59183673
S19S_0029_Sed_Field_ICR.M_p2.corems,35590,1400,25.42142857
S19S_0029_Sed_Field_ICR.U_p2.corems,33572,1426,23.542777
S19S_0030_Sed_Field_ICR.M_p15.corems,7541,596,12.65268456
S19S_0030_Sed_Field_ICR.U_p2.corems,30929,1462,21.15526676
S19S_0031_Sed_Field_ICR.D_p2.corems,26842,1232,21.78733766
S19S_0031_Sed_Field_ICR.M_p2.corems,33736,1494,22.58099063
S19S_0031_Sed_Field_ICR.U_p2.corems,28991,1322,21.92965204
S19S_0032_Sed_Field_ICR.D_p2.corems,28177,1209,23.30603805
S19S_0032_Sed_Field_ICR.M_p2.corems,38425,1616,23.77784653
S19S_0032_Sed_Field_ICR.U_p2.corems,38947,1676,23.23806683
S19S_0033_Sed_Field_ICR.D_p15.corems,5762,570,10.10877193
S19S_0033_Sed_Field_ICR.M_p15.corems,24110,1457,16.54770075
S19S_0033_Sed_Field_ICR.U_p15.corems,16062,1201,13.37385512
S19S_0034_Sed_Field_ICR.D_p2.corems,40636,1598,25.42928661
S19S_0034_Sed_Field_ICR.M_p2.corems,15558,904,17.21017699
S19S_0034_Sed_Field_ICR.U_p2.corems,28333,1270,22.30944882
S19S_0035_Sed_Field_ICR.D_p2.corems,18594,885,21.01016949
S19S_0035_Sed_Field_ICR.M_p1.corems,62967,2368,26.59079392
S19S_0035_Sed_Field_ICR.U_p2.corems,29924,1376,21.74709302
S19S_0036_Sed_Field_ICR.D_p1.corems,12383,737,16.80189959
S19S_0036_Sed_Field_ICR.M_p2.corems,28122,1314,21.40182648
S19S_0036_Sed_Field_ICR.U_p2.corems,20065,1060,18.92924528
S19S_0037_Sed_Field_ICR.D_p15.corems,17379,1210,14.36280992
S19S_0037_Sed_Field_ICR.M_p15.corems,1132,243,4.658436214
S19S_0037_Sed_Field_ICR.U_p2.corems,26097,1256,20.77786624
S19S_0038_Sed_Field_ICR.D_p2.corems,27091,1295,20.91969112
S19S_0038_Sed_Field_ICR.M_p2.corems,22037,1203,18.31837074
S19S_0038_Sed_Field_ICR.U_p15.corems,27590,1547,17.83451842
S19S_0039_Sed_Field_ICR.D_p2.corems,38305,1521,25.18408941
S19S_0039_Sed_Field_ICR.M_p1.corems,45286,1758,25.75995449
S19S_0039_Sed_Field_ICR.U_p2.corems,35387,1478,23.94248985
S19S_0040_Sed_Field_ICR.M_p15.corems,16284,931,17.49087003
S19S_0040_Sed_Field_ICR.U_p2.corems,37427,1489,25.13566152
S19S_0041_Sed_Field_ICR.D_p2.corems,34520,1429,24.15675297
S19S_0041_Sed_Field_ICR.M_p2.corems,22998,1143,20.12073491
S19S_0041_Sed_Field_ICR.U_p2.corems,34868,1438,24.24756606
S19S_0042_Sed_Field_ICR.D_p2.corems,42220,1633,25.85425597
S19S_0042_Sed_Field_ICR.M_p2.corems,36265,1474,24.60312076
S19S_0042_Sed_Field_ICR.U_p2.corems,43441,1675,25.93492537
S19S_0043_Sed_Field_ICR.D_p2.corems,37049,1387,26.71160779
S19S_0043_Sed_Field_ICR.M_p2.corems,42446,1705,24.89501466
S19S_0043_Sed_Field_ICR.U_p2.corems,53664,1917,27.99374022
S19S_0044_Sed_Field_ICR.D_p2.corems,32396,1318,24.57966616
S19S_0044_Sed_Field_ICR.M_p15.corems,59159,2129,27.78722405
S19S_0044_Sed_Field_ICR.U_p2.corems,44985,1610,27.94099379
S19S_0045_Sed_Field_ICR.D_p1.corems,32542,1436,22.66155989
S19S_0045_Sed.Field_ICR.M_p2.corems,759,440,1.725
S19S_0045_Sed.Field_ICR.U_p2.corems,14587,850,17.16117647
S19S_0046_Sed_Field_ICR.D_p1.corems,15823,1054,15.01233397
S19S_0046_Sed_Field_ICR.M_p1.corems,5849,456,12.82675439
S19S_0046_Sed_Field_ICR.U_p1.corems,15645,1004,15.58266932
S19S_0047_Sed_Field_ICR.D_p15.corems,23516,1075,21.87534884
S19S_0047_Sed_Field_ICR.M_p15.corems,265,139,1.90647482
S19S_0047_Sed_Field_ICR.U_p15.corems,3291,376,8.752659574
S19S_0049_Sed_Field_ICR.D_p2.corems,17353,1142,15.19527145
S19S_0049_Sed_Field_ICR.M_p2.corems,18275,1023,17.86412512
S19S_0049_Sed_Field_ICR.U_p2.corems,24359,1268,19.21056782
S19S_0050_Sed_Field_ICR.D_p15.corems,19795,1057,18.72753075
S19S_0050_Sed_Field_ICR.M_p15.corems,20088,1066,18.84427767
S19S_0050_Sed_Field_ICR.U_p15.corems,44990,1868,24.08458244
S19S_0051_Sed_Field_ICR.D_p15.corems,54,115,0.469565217
S19S_0051_Sed_Field_ICR.M_p15.corems,20040,977,20.51177073
S19S_0051_Sed_Field_ICR.U_p15.corems,14660,816,17.96568627
S19S_0052_Sed_Field_ICR.D_p2.corems,21961,1059,20.7374882
S19S_0052_Sed_Field_ICR.M_p2.corems,25522,1203,21.2152951
S19S_0052_Sed_Field_ICR.U_p2.corems,29937,1389,21.55291577
S19S_0053_Sed_Field_ICR.D_p2.corems,38085,1505,25.30564784
S19S_0053_Sed_Field_ICR.M_p2.corems,33170,1388,23.89769452
S19S_0053_Sed_Field_ICR.U_p2.corems,40258,1612,24.97394541
S19S_0054_Sed_Field_ICR.D_p2.corems,41679,1591,26.19673162
S19S_0054_Sed_Field_ICR.M_p2.corems,40211,1534,26.21316819
S19S_0054_Sed_Field_ICR.U_p2.corems,41257,1538,26.82509753
S19S_0055_Sed_Field_ICR.D_p2.corems,26465,1247,21.22293504
S19S_0055_Sed_Field_ICR.M_p2.corems,26184,1137,23.02902375
S19S_0055_Sed_Field_ICR.U_p2.corems,21338,1007,21.18967229
S19S_0056_Sed_Field_ICR.D_p2.corems,41258,1573,26.22886205
S19S_0056_Sed_Field_ICR.M_p2.corems,41254,1695,24.33864307
S19S_0056_Sed_Field_ICR.U_p2.corems,49314,1996,24.70641283
S19S_0057_Sed_Field_ICR.D_p2.corems,36527,1507,24.23822163
S19S_0057_Sed_Field_ICR.M_p2.corems,30866,1349,22.88065234
S19S_0057_Sed_Field_ICR.U_p2.corems,26299,1253,20.98882682
S19S_0058_Sed_Field_ICR.D_p2.corems,36192,1507,24.01592568
S19S_0058_Sed_Field_ICR.U_p2.corems,45041,1802,24.99500555
S19S_0059_Sed_Field_ICR.D_p15.corems,9045,575,15.73043478
S19S_0059_Sed_Field_ICR.M_p15.corems,24553,1157,21.22126188
S19S_0059_Sed_Field_ICR.U_p15.corems,2105,346,6.083815029
S19S_0060_Sed_Field_ICR.D_p2.corems,23828,1139,20.92010536
S19S_0060_Sed_Field_ICR.M_p2.corems,25078,1305,19.21685824
S19S_0060_Sed_Field_ICR.U_p2.corems,26128,1348,19.38278932
S19S_0061_Sed_Field_ICR.D_p2.corems,40341,1578,25.56463878
S19S_0061_Sed_Field_ICR.M_p2.corems,45003,1655,27.19214502
S19S_0061_Sed_Field_ICR.U_p15.corems,3000,310,9.677419355
S19S_0062_Sed_Field_ICR.D_p15.corems,42320,1891,22.37969328
S19S_0062_Sed_Field_ICR.M_p15.corems,33924,1607,21.11014312
S19S_0062_Sed_Field_ICR.U_p15.corems,49207,2196,22.4075592
S19S_0063_Sed_Field_ICR.D_p15.corems,9078,690,13.15652174
S19S_0063_Sed_Field_ICR.M_p2.corems,32341,1477,21.89641165
S19S_0063_Sed_Field_ICR.U_p2.corems,23010,1214,18.9538715
S19S_0064_Sed_Field_ICR.D_p2.corems,33498,1355,24.72177122
S19S_0064_Sed_Field_ICR.M_p2.corems,37807,1493,25.32283992
S19S_0064_Sed_Field_ICR.U_p15.corems,12842,773,16.61319534
S19S_0065_Sed_Field_ICR.D_p2.corems,44167,1749,25.25271584
S19S_0065_Sed_Field_ICR.M_p2.corems,33859,1514,22.36393659
S19S_0065_Sed_Field_ICR.U_p2.corems,32365,1526,21.20904325
S19S_0066_Sed_Field_ICR.D_p2.corems,39954,1638,24.39194139
S19S_0066_Sed_Field_ICR.M_p2.corems,36752,1443,25.46916147
S19S_0066_Sed_Field_ICR.U_p2.corems,44871,1607,27.92221531
S19S_0067_Sed_Field_ICR.D_p2.corems,27543,1105,24.92579186
S19S_0067_Sed_Field_ICR.M_p2.corems,37464,1456,25.73076923
S19S_0067_Sed_Field_ICR.U_p2.corems,22017,987,22.30699088
S19S_0068_Sed_Field_ICR.M_p2.corems,40107,1893,21.18700475
S19S_0068_Sed_Field_ICR.U_p2.corems,25075,1216,20.62088816
S19S_0069_Sed_Field_ICR.D_p2.corems,34200,1580,21.64556962
S19S_0069_Sed_Field_ICR.M_p2.corems,37102,1718,21.59604191
S19S_0069_Sed_Field_ICR.U_p2.corems,33445,1729,19.34355119
S19S_0070_Sed_Field_ICR.D_p2.corems,34780,1607,21.64281269
S19S_0070_Sed_Field_ICR.M_p2.corems,34891,1522,22.92444152
S19S_0070_Sed_Field_ICR.U_p2.corems,41622,1769,23.5285472
S19S_0071_Sed_Field_ICR.D_p2.corems,34721,1415,24.53780919
S19S_0071_Sed_Field_ICR.M_p2.corems,34191,1317,25.96127563
S19S_0071_Sed_Field_ICR.U_p2.corems,27179,1186,22.91652614
S19S_0072_Sed_Field_ICR.D_p2.corems,39292,1550,25.34967742
S19S_0072_Sed_Field_ICR.M_p2.corems,33536,1425,23.53403509
S19S_0072_Sed_Field_ICR.U_p2.corems,44371,1665,26.64924925
S19S_0073_Sed_Field_ICR.D_p2.corems,42458,1552,27.35695876
S19S_0073_Sed_Field_ICR.M_p2.corems,41527,1523,27.26657912
S19S_0073_Sed_Field_ICR.U_p2.corems,39935,1477,27.03791469
S19S_0074_Sed_Field_ICR.D_p2.corems,19873,1007,19.73485601
S19S_0074_Sed_Field_ICR.M_p2.corems,28117,1262,22.27971474
S19S_0074_Sed_Field_ICR.U_p2.corems,29389,1321,22.24753974
S19S_0075_Sed_Field_ICR.D_p2.corems,18701,1081,17.29972248
S19S_0075_Sed_Field_ICR.M_p2.corems,23617,1249,18.90872698
S19S_0075_Sed_Field_ICR.U_p2.corems,21678,1145,18.93275109
S19S_0076_Sed_Field_ICR.D_p2.corems,20684,1054,19.62428843
S19S_0076_Sed_Field_ICR.M_p1.corems,22940,1071,21.41923436
S19S_0076_Sed_Field_ICR.U_p1.corems,35470,1516,23.39709763
S19S_0077_Sed_Field_ICR.D_p2.corems,22594,1127,20.04791482
S19S_0077_Sed_Field_ICR.M_p2.corems,31313,1471,21.28687967
S19S_0077_Sed_Field_ICR.U_p2.corems,29251,1366,21.4136164
S19S_0078_Sed_Field_ICR.D_p2.corems,35880,1503,23.87225549
S19S_0078_Sed_Field_ICR.M_p2.corems,27343,1141,23.96406661
S19S_0078_Sed_Field_ICR.U_p2.corems,38066,1521,25.02695595
S19S_0079_Sed_Field_ICR.D_p2.corems,17675,984,17.96239837
S19S_0079_Sed_Field_ICR.M_p2.corems,22103,1076,20.54182156
S19S_0079_Sed_Field_ICR.U_p2.corems,17699,950,18.63052632
S19S_0080_Sed_Field_ICR.D_p2.corems,43447,1724,25.2012761
S19S_0080_Sed_Field_ICR.M_p2.corems,29704,1334,22.26686657
S19S_0080_Sed_Field_ICR.U_p2.corems,28227,1208,23.36672185
S19S_0081_Sed_Field_ICR.M_p2.corems,34871,1479,23.57741717
S19S_0081_Sed_Field_ICR.U_p2.corems,22402,1015,22.07093596
S19S_0082_Sed_Field_ICR.D_p2.corems,40468,1626,24.88806888
S19S_0082_Sed_Field_ICR.M_p2.corems,45533,1789,25.45164897
S19S_0082_Sed_Field_ICR.U_p2.corems,29505,1263,23.36104513
S19S_0083_Sed_Field_ICR.D_p2.corems,29090,1334,21.8065967
S19S_0083_Sed_Field_ICR.M_p2.corems,33947,1384,24.52817919
S19S_0083_Sed_Field_ICR.U_p2.corems,33455,1261,26.53053132
S19S_0084_Sed_Field_ICR.D_p2.corems,34613,1548,22.35981912
S19S_0084_Sed_Field_ICR.M_p2.corems,26744,1233,21.69018654
S19S_0084_Sed_Field_ICR.U_p2.corems,35315,1618,21.8263288
S19S_0085_Sed_Field_ICR.D_p15.corems,15558,888,17.52027027
S19S_0085_Sed_Field_ICR.M_p15.corems,22786,1203,18.94098088
S19S_0085_Sed_Field_ICR.U_p15.corems,6067,511,11.87279843
S19S_0086_Sed_Field_ICR.D_p2.corems,27332,1323,20.65910809
S19S_0086_Sed_Field_ICR.M_p2.corems,30602,1451,21.09028256
S19S_0086_Sed_Field_ICR.U_p2.corems,34940,1455,24.0137457
S19S_0087_Sed_Field_ICR.D_p15.corems,378,223,1.695067265
S19S_0087_Sed_Field_ICR.M_p15.corems,345,181,1.906077348
S19S_0087_Sed_Field_ICR.U_p15.corems,8147,608,13.39967105
S19S_0089_Sed_Field_ICR.D_p2.corems,25118,1140,22.03333333
S19S_0089_Sed_Field_ICR.M_p2.corems,28897,1194,24.20184255
S19S_0089_Sed_Field_ICR.U_p2.corems,28396,1259,22.55440826
S19S_0090_Sed_Field_ICR.D_p2.corems,35002,1392,25.14511494
S19S_0090_Sed_Field_ICR.M_p2.corems,36402,1504,24.20345745
S19S_0090_Sed_Field_ICR.U_p2.corems,41716,1679,24.84574151
S19S_0091_Sed_Field_ICR.D_p2.corems,26690,1387,19.24297044
S19S_0091_Sed_Field_ICR.M_p2.corems,22443,1260,17.81190476
S19S_0091_Sed_Field_ICR.U_p2.corems,24620,1282,19.20436817
S19S_0092_Sed_Field_ICR.D_p2.corems,30191,1355,22.28118081
S19S_0092_Sed_Field_ICR.M_p1.corems,13967,751,18.59786951
S19S_0092_Sed_Field_ICR.U_p2.corems,34871,1487,23.45057162
S19S_0093_Sed_Field_ICR.D_p15.corems,44822,1943,23.06845085
S19S_0093_Sed_Field_ICR.M_p15.corems,3198,405,7.896296296
S19S_0093_Sed_Field_ICR.U_p15.corems,6479,572,11.32692308
S19S_0094_Sed_Field_ICR.D_p15.corems,17527,1067,16.42642924
S19S_0094_Sed_Field_ICR.M_p15.corems,14707,940,15.64574468
S19S_0094_Sed_Field_ICR.U_p15.corems,36773,1732,21.23152425
S19S_0096_Sed_Field_ICR.D_p15.corems,19667,1271,15.4736428
S19S_0096_Sed_Field_ICR.M_p2.corems,17531,952,18.41491597
S19S_0096_Sed_Field_ICR.U_p15.corems,2873,345,8.327536232
S19S_0097_Sed_Field_ICR.D_p2.corems,24166,1190,20.30756303
S19S_0097_Sed_Field_ICR.M_p15.corems,19076,1119,17.04736372
S19S_0097_Sed_Field_ICR.U_p2.corems,29020,1329,21.83596689
S19S_0098_Sed_Field_ICR.D_p2.corems,13581,741,18.32793522
S19S_0098_Sed_Field_ICR.M_p2.corems,21245,1039,20.44754572
S19S_0098_Sed_Field_ICR.U_p2.corems,25282,1142,22.13835377
S19S_0099_Sed_Field_ICR.D_p2.corems,24085,1332,18.08183183
S19S_0099_Sed_Field_ICR.M_p2.corems,26476,1241,21.33440774
S19S_0099_Sed_Field_ICR.U_p2.corems,26050,1260,20.67460317
S19S_0100_Sed_Field_ICR.D_p2.corems,36152,1456,24.82967033
S19S_0100_Sed_Field_ICR.M_p2.corems,32400,1412,22.94617564
S19S_0100_Sed_Field_ICR.U_p2.corems,42968,1693,25.37979917
SKB_masslistsESI_neg_SKB_MGC1900810_A_201907815_000001.corems,55543,4065,13.66371464
SO245_masslistsSO245.SPE002_028_01_1367.corems,121927,4226,28.8516327496451
SO245_masslistsSO245.SPE003_117_01_1234.corems,114660,3927,29.1978609625668
SO245_masslistsSO245.SPE004_008_01_1103.corems,112776,3904,28.8872950819672
SO245_masslistsSO245.SPE005_002_01_1311.corems,115608,3896,29.6735112936345
SO245_masslistsSO245.SPE006_015_01_1339.corems,110886,3758,29.5066524747206
SO245_masslistsSO245.SPE007_029_01_1369.corems,110565,3684,30.0122149837134
SO245_masslistsSO245.SPE008_045_01_1411.corems,115408,3896,29.6221765913758
SO245_masslistsSO245.SPE009_119_01_1239.corems,112507,3898,28.8627501282709
SO245_masslistsSO245.SPE010_004_01_1095.corems,116082,4091,28.3749694451234
SO245_masslistsSO245.SPE011_011_01_1331.corems,114113,3942,28.9479959411466
SO245_masslistsSO245.SPE012_110_01_1218.corems,117886,4064,29.0073818897638
SO245_masslistsSO245.SPE013_048_01_1417.corems,115487,3910,29.5363171355499
SO245_masslistsSO245.SPE014_113_01_1226.corems,116677,3902,29.9018452075859
SO245_masslistsSO245.SPE015_118_01_1459.corems,112884,3773,29.9188974291015
SO245_masslistsSO245.SPE016_013_01_1335.corems,115892,3960,29.2656565656566
SO245_masslistsSO245.SPE017_123_01_1471.corems,115296,3875,29.7538064516129
SO245_masslistsSO245.SPE019_025_01_1361.corems,99474,3374,29.4825133372851
SO245_masslistsSO245.SPE021_014_01_1337.corems,113170,3813,29.6800419617099
SO245_masslistsSO245.SPE024_012_01_1333.corems,104916,3616,29.0143805309735
SO245_masslistsSO245.SPE025_104_01_1206.corems,113353,3845,29.4806241872562
SO245_masslistsSO245.SPE026_031_01_1375.corems,117551,4049,29.0321066930106
SO245_masslistsSO245.SPE027_022_01_1135.corems,107677,3687,29.2045023053973
SO245_masslistsSO245.SPE030_035_01_1165.corems,99317,3343,29.7089440622196
SO245_masslistsSO245.SPE032_021_01_1133.corems,107326,3694,29.0541418516513
SO245_masslistsSO245.SPE033_003_01_1093.corems,110161,3818,28.8530644316396
SO245_masslistsSO245.SPE034_117_01_1457.corems,114450,3868,29.5889348500517
SO245_masslistsSO245.SPE035_007_01_1101.corems,100484,3343,30.0580317080467
SO245_masslistsSO245.SPE036_140_01_1285.corems,111018,3719,29.8515730034956
SO245_masslistsSO245.SPE037_141_01_1289.corems,111737,3803,29.3812779384696
SO245_masslistsSO245.SPE038_011_01_1111.corems,120710,4221,28.5974887467425
SO245_masslistsSO245.SPE040_029_01_1149.corems,115473,4035,28.617843866171
SO245_masslistsSO245.SPE041_139_01_1283.corems,116627,4042,28.8537852548243
SO245_masslistsSO245.SPE042_024_01_1139.corems,113070,3943,28.6761349226477
SO245_masslistsSO245.SPE043_101_01_1200.corems,114832,3958,29.0126326427489
SO245_masslistsSO245.SPE044_119_01_1461.corems,117323,3962,29.6120646138314
SO245_masslistsSO245.SPE045_010_01_1327.corems,108223,3773,28.6835409488471
SO245_masslistsSO245.SPE047_043_01_1407.corems,115382,4041,28.5528334570651
SO245_masslistsSO245.SPE048_116_01_1232.corems,114549,4081,28.0688556726293
SO245_masslistsSO245.SPE049_016_01_1341.corems,118934,4139,28.7349601352984
SO245_masslistsSO245.SPE051_132_01_1269.corems,99919,3444,29.0124854819977
SO245_masslistsSO245.SPE053_048_01_1193.corems,105283,3640,28.9239010989011
SO245_masslistsSO245.SPE054_049_01_1419.corems,115753,3875,29.8717419354839
SO245_masslistsSO245.SPE056_133_01_1271.corems,106607,3685,28.929986431479
SO245_masslistsSO245.SPE057.2_046_01_1189.corems,106939,3650,29.2983561643836
SO245_masslistsSO245.SPE058_041_01_1179.corems,118397,4197,28.2099118417918
SO245_masslistsSO245.SPE060_145_01_1297.corems,117276,4019,29.1803931326201
SO245_masslistsSO245.SPE061_008_01_1323.corems,107058,3810,28.0992125984252
SO245_masslistsSO245.SPE062_020_01_1129.corems,125151,4432,28.2380415162455
SO245_masslistsSO245.SPE064_047_01_1415.corems,106754,3703,28.829057520929
SO245_masslistsSO245.SPE065_107_01_1212.corems,101624,3497,29.0603374320846
SO245_masslistsSO245.SPE067_044_01_1185.corems,104142,3598,28.9444135630906
SO245_masslistsSO245.SPE068_038_01_1389.corems,118835,4181,28.422626165989
SO245_masslistsSO245.SPE069_043_01_1183.corems,105596,3846,27.4560582423297
SO245_masslistsSO245.SPE072_002_01_1091.corems,107667,3812,28.2442287513116
SO245_masslistsSO245.SPE074_124_01_1251.corems,107687,3742,28.777926242651
SO245_masslistsSO245.SPE075_034_01_1381.corems,108559,3800,28.5681578947368
SO245_masslistsSO245.SPE076_003_01_1313.corems,107279,3730,28.7611260053619
SO245_masslistsSO245.SPE077_044_01_1409.corems,104601,3587,29.1611374407583
SO245_masslistsSO245.SPE078_122_01_1247.corems,95302,3268,29.1621787025704
SO245_masslistsSO245.SPE079_034_01_1163.corems,113205,4046,27.9794859120119
SO245_masslistsSO245.SPE086_009_01_1325.corems,106817,3682,29.0105920695274
SO245_masslistsSO245.SPE087_120_01_1463.corems,114478,3995,28.6553191489362
SO245_masslistsSO245.SPE088_047_01_1191.corems,106905,3761,28.4246211114065
SO245_masslistsSO245.SPE089_105_01_1208.corems,121854,4236,28.7662889518414
SO245_masslistsSO245.SPE092_007_01_1321.corems,105023,3611,29.0841872057602
SO245_masslistsSO245.SPE093_001_01_1309.corems,119014,4124,28.8588748787585
SO245_masslistsSO245.SPE097_042_01_1181.corems,112624,3957,28.4619661359616
SO245_masslistsSO245.SPE098_037_01_1387.corems,112572,3969,28.3628117913832
SO245_masslistsSO245.SPE099_110_01_1441.corems,113862,3990,28.5368421052632
SO245_masslistsSO245.SPE100_021_01_1353.corems,119665,4104,29.1581384015595
